receipt_date,item_code,raw_material_name,received_quantity,unit,supplier_name
2026-03-01,RM-001,"Food Grade Sunset Yellow / Orange Dye",79.23,kg,"San Miguel Mills Corp."
2026-03-01,RM-002,"Baking Powder",107.96,kg,"Universal Robina Agro-Industrial"
2026-03-01,RM-003,"Cream of Tartar",41.87,kg,"Golden Harvest Trading"
2026-03-01,RM-004,"Instant Dry Yeast",116.94,kg,"Magnolia Dairy Products"
2026-03-01,RM-005,"Cane Vinegar",122.79,L,"Quezon Coastal Gatherers Cooperative"
2026-03-01,RM-006,"Soy Sauce",178.37,L,"Lucena Aquatic & Fish Port Authority"
2026-03-01,RM-007,"Condensed Milk",237.4,kg,"Tiaong Highland Agricultural Hub"
2026-03-01,RM-008,"Evaporated Milk",209.18,L,"Southern Tagalog Food Essentials Inc."
2026-03-01,RM-009,"Powdered Milk",199.02,kg,"San Miguel Mills Corp."
2026-03-01,RM-010,"Fresh Whole Egg Whites",166.83,kg,"Universal Robina Agro-Industrial"
2026-03-01,RM-011,"Fresh Whole Eggs",291.49,kg,"Golden Harvest Trading"
2026-03-01,RM-012,"All-Vegetable Shortening",159.05,kg,"Magnolia Dairy Products"
2026-03-01,RM-013,"Baking Shortening",203.27,kg,"Quezon Coastal Gatherers Cooperative"
2026-03-01,RM-014,"Salted Creamery Butter",262.45,kg,"Lucena Aquatic & Fish Port Authority"
2026-03-01,RM-015,"Seedless Raisins",81.22,kg,"Tiaong Highland Agricultural Hub"
2026-03-01,RM-016,"Vanilla Extract",34.02,L,"Southern Tagalog Food Essentials Inc."
2026-03-01,RM-017,"All-Purpose Wheat Flour",449.68,kg,"San Miguel Mills Corp."
2026-03-01,RM-018,"Cornstarch",120,kg,"Universal Robina Agro-Industrial"
2026-03-01,RM-019,"Glutinous Rice (Malagkit for Pinipig)",245.8,kg,"Golden Harvest Trading"
2026-03-01,RM-020,"Hard Wheat Bread Flour",581.43,kg,"Magnolia Dairy Products"
2026-03-01,RM-021,"Purified Water",831.18,L,"Quezon Coastal Gatherers Cooperative"
2026-03-01,RM-022,"Cleaned Chicken Crop (Butse)",178.77,kg,"Lucena Aquatic & Fish Port Authority"
2026-03-01,RM-023,"Pork Skin with Back Fat",399.99,kg,"Tiaong Highland Agricultural Hub"
2026-03-01,RM-024,"Raw Shelled Peanuts",344.76,kg,"Southern Tagalog Food Essentials Inc."
2026-03-01,RM-025,"Toasted Sesame Seeds",54.65,kg,"San Miguel Mills Corp."
2026-03-01,RM-026,"Palm Cooking Oil",451.87,L,"Universal Robina Agro-Industrial"
2026-03-01,RM-027,"Pure Pork Lard",267.34,L,"Golden Harvest Trading"
2026-03-01,RM-028,"Refined Peanut Oil",175.21,L,"Magnolia Dairy Products"
2026-03-01,RM-029,"Fresh Carrots",128.7,kg,"Quezon Coastal Gatherers Cooperative"
2026-03-01,RM-030,"Fresh Cassava Tubers",228.05,kg,"Lucena Aquatic & Fish Port Authority"
2026-03-01,RM-031,"Fresh Garlic",83.8,kg,"Tiaong Highland Agricultural Hub"
2026-03-01,RM-032,"Fresh Ginger",69.2,kg,"Southern Tagalog Food Essentials Inc."
2026-03-01,RM-033,"Fresh Grated Coconut Meat",224.35,kg,"San Miguel Mills Corp."
2026-03-01,RM-034,"Fresh Mature Coconut Meat",195.55,kg,"Universal Robina Agro-Industrial"
2026-03-01,RM-035,"Fresh Purple Yam Tubers",163.18,kg,"Golden Harvest Trading"
2026-03-01,RM-036,"Fresh Sweet Potato",180.92,kg,"Magnolia Dairy Products"
2026-03-01,RM-037,"Green Raw Papaya",115.02,kg,"Quezon Coastal Gatherers Cooperative"
2026-03-01,RM-038,"Pandan Leaves",26.06,kg,"Lucena Aquatic & Fish Port Authority"
2026-03-01,RM-039,"Red Bell Peppers",73.18,kg,"Tiaong Highland Agricultural Hub"
2026-03-01,RM-040,"Red Chili Peppers (Siling Labuyo)",50.36,kg,"Southern Tagalog Food Essentials Inc."
2026-03-01,RM-041,"Red Onions",134.84,kg,"San Miguel Mills Corp."
2026-03-01,RM-042,"Unripe Green Saba Bananas",450.96,kg,"Universal Robina Agro-Industrial"
2026-03-01,RM-043,"Fresh Acetes Shrimp (Alamang)",181.54,kg,"Golden Harvest Trading"
2026-03-01,RM-044,"Fresh Bangus (Milkfish) Skin",163.47,kg,"Magnolia Dairy Products"
2026-03-01,RM-045,"Fresh Chiton Mollusk (Kibit)",324.82,kg,"Quezon Coastal Gatherers Cooperative"
2026-03-01,RM-046,"Fresh Kabasi Fish",183.32,kg,"Lucena Aquatic & Fish Port Authority"
2026-03-01,RM-047,"Fresh Sapsap Fish",168.62,kg,"Tiaong Highland Agricultural Hub"
2026-03-01,RM-048,"Cheese Seasoning Powder",54.14,kg,"Southern Tagalog Food Essentials Inc."
2026-03-01,RM-049,"Coarse Rock Salt",126.3,kg,"San Miguel Mills Corp."
2026-03-01,RM-050,"Iodized Salt",90.73,kg,"Universal Robina Agro-Industrial"
2026-03-01,RM-051,"Dried Bay Leaves (Laurel)",23.05,kg,"Golden Harvest Trading"
2026-03-01,RM-052,"Dried Red Chili Flakes",45.25,kg,"Magnolia Dairy Products"
2026-03-01,RM-053,"Garlic Powder",69.79,kg,"Quezon Coastal Gatherers Cooperative"
2026-03-01,RM-054,"Ground Black Pepper",48.85,kg,"Lucena Aquatic & Fish Port Authority"
2026-03-01,RM-055,"White Pepper Powder",35.75,kg,"Tiaong Highland Agricultural Hub"
2026-03-01,RM-056,"Whole Black Peppercorns",47.05,kg,"Southern Tagalog Food Essentials Inc."
2026-03-01,RM-057,"Muscovado Brown Sugar",203.95,kg,"San Miguel Mills Corp."
2026-03-01,RM-058,"Panutsa Cane Sugar",202.07,kg,"Universal Robina Agro-Industrial"
2026-03-01,RM-059,"Refined White Sugar",531.3,kg,"Golden Harvest Trading"
2026-03-12,RM-001,"Food Grade Sunset Yellow / Orange Dye",64.16,kg,"San Miguel Mills Corp."
2026-03-12,RM-002,"Baking Powder",99.45,kg,"Universal Robina Agro-Industrial"
2026-03-12,RM-003,"Cream of Tartar",41.96,kg,"Golden Harvest Trading"
2026-03-12,RM-004,"Instant Dry Yeast",122.31,kg,"Magnolia Dairy Products"
2026-03-12,RM-005,"Cane Vinegar",139.45,L,"Quezon Coastal Gatherers Cooperative"
2026-03-12,RM-006,"Soy Sauce",185.24,L,"Lucena Aquatic & Fish Port Authority"
2026-03-12,RM-007,"Condensed Milk",224.59,kg,"Tiaong Highland Agricultural Hub"
2026-03-12,RM-008,"Evaporated Milk",175.82,L,"Southern Tagalog Food Essentials Inc."
2026-03-12,RM-009,"Powdered Milk",181.45,kg,"San Miguel Mills Corp."
2026-03-12,RM-010,"Fresh Whole Egg Whites",181.75,kg,"Universal Robina Agro-Industrial"
2026-03-12,RM-011,"Fresh Whole Eggs",355.46,kg,"Golden Harvest Trading"
2026-03-12,RM-012,"All-Vegetable Shortening",165.16,kg,"Magnolia Dairy Products"
2026-03-12,RM-013,"Baking Shortening",186.38,kg,"Quezon Coastal Gatherers Cooperative"
2026-03-12,RM-014,"Salted Creamery Butter",219.36,kg,"Lucena Aquatic & Fish Port Authority"
2026-03-12,RM-015,"Seedless Raisins",78.87,kg,"Tiaong Highland Agricultural Hub"
2026-03-12,RM-016,"Vanilla Extract",34.19,L,"Southern Tagalog Food Essentials Inc."
2026-03-12,RM-017,"All-Purpose Wheat Flour",478.71,kg,"San Miguel Mills Corp."
2026-03-12,RM-018,"Cornstarch",136.13,kg,"Universal Robina Agro-Industrial"
2026-03-12,RM-019,"Glutinous Rice (Malagkit for Pinipig)",276.34,kg,"Golden Harvest Trading"
2026-03-12,RM-020,"Hard Wheat Bread Flour",576.82,kg,"Magnolia Dairy Products"
2026-03-12,RM-021,"Purified Water",852.36,L,"Quezon Coastal Gatherers Cooperative"
2026-03-12,RM-022,"Cleaned Chicken Crop (Butse)",209.66,kg,"Lucena Aquatic & Fish Port Authority"
2026-03-12,RM-023,"Pork Skin with Back Fat",410.36,kg,"Tiaong Highland Agricultural Hub"
2026-03-12,RM-024,"Raw Shelled Peanuts",374.99,kg,"Southern Tagalog Food Essentials Inc."
2026-03-12,RM-025,"Toasted Sesame Seeds",51.01,kg,"San Miguel Mills Corp."
2026-03-12,RM-026,"Palm Cooking Oil",370.88,L,"Universal Robina Agro-Industrial"
2026-03-12,RM-027,"Pure Pork Lard",239.52,L,"Golden Harvest Trading"
2026-03-12,RM-028,"Refined Peanut Oil",154.15,L,"Magnolia Dairy Products"
2026-03-12,RM-029,"Fresh Carrots",122.96,kg,"Quezon Coastal Gatherers Cooperative"
2026-03-12,RM-030,"Fresh Cassava Tubers",267.41,kg,"Lucena Aquatic & Fish Port Authority"
2026-03-12,RM-031,"Fresh Garlic",89.56,kg,"Tiaong Highland Agricultural Hub"
2026-03-12,RM-032,"Fresh Ginger",73.03,kg,"Southern Tagalog Food Essentials Inc."
2026-03-12,RM-033,"Fresh Grated Coconut Meat",209.8,kg,"San Miguel Mills Corp."
2026-03-12,RM-034,"Fresh Mature Coconut Meat",208.92,kg,"Universal Robina Agro-Industrial"
2026-03-12,RM-035,"Fresh Purple Yam Tubers",174.8,kg,"Golden Harvest Trading"
2026-03-12,RM-036,"Fresh Sweet Potato",184.9,kg,"Magnolia Dairy Products"
2026-03-12,RM-037,"Green Raw Papaya",133.81,kg,"Quezon Coastal Gatherers Cooperative"
2026-03-12,RM-038,"Pandan Leaves",27.82,kg,"Lucena Aquatic & Fish Port Authority"
2026-03-12,RM-039,"Red Bell Peppers",61.39,kg,"Tiaong Highland Agricultural Hub"
2026-03-12,RM-040,"Red Chili Peppers (Siling Labuyo)",51.58,kg,"Southern Tagalog Food Essentials Inc."
2026-03-12,RM-041,"Red Onions",148.08,kg,"San Miguel Mills Corp."
2026-03-12,RM-042,"Unripe Green Saba Bananas",504.22,kg,"Universal Robina Agro-Industrial"
2026-03-12,RM-043,"Fresh Acetes Shrimp (Alamang)",205.57,kg,"Golden Harvest Trading"
2026-03-12,RM-044,"Fresh Bangus (Milkfish) Skin",170.7,kg,"Magnolia Dairy Products"
2026-03-12,RM-045,"Fresh Chiton Mollusk (Kibit)",269.78,kg,"Quezon Coastal Gatherers Cooperative"
2026-03-12,RM-046,"Fresh Kabasi Fish",146.4,kg,"Lucena Aquatic & Fish Port Authority"
2026-03-12,RM-047,"Fresh Sapsap Fish",187.98,kg,"Tiaong Highland Agricultural Hub"
2026-03-12,RM-048,"Cheese Seasoning Powder",60.18,kg,"Southern Tagalog Food Essentials Inc."
2026-03-12,RM-049,"Coarse Rock Salt",141.2,kg,"San Miguel Mills Corp."
2026-03-12,RM-050,"Iodized Salt",85.35,kg,"Universal Robina Agro-Industrial"
2026-03-12,RM-051,"Dried Bay Leaves (Laurel)",22.43,kg,"Golden Harvest Trading"
2026-03-12,RM-052,"Dried Red Chili Flakes",39.51,kg,"Magnolia Dairy Products"
2026-03-12,RM-053,"Garlic Powder",67.06,kg,"Quezon Coastal Gatherers Cooperative"
2026-03-12,RM-054,"Ground Black Pepper",51.37,kg,"Lucena Aquatic & Fish Port Authority"
2026-03-12,RM-055,"White Pepper Powder",39.73,kg,"Tiaong Highland Agricultural Hub"
2026-03-12,RM-056,"Whole Black Peppercorns",53.85,kg,"Southern Tagalog Food Essentials Inc."
2026-03-12,RM-057,"Muscovado Brown Sugar",191.54,kg,"San Miguel Mills Corp."
2026-03-12,RM-058,"Panutsa Cane Sugar",182.47,kg,"Universal Robina Agro-Industrial"
2026-03-12,RM-059,"Refined White Sugar",500.39,kg,"Golden Harvest Trading"
2026-03-23,RM-001,"Food Grade Sunset Yellow / Orange Dye",67.4,kg,"San Miguel Mills Corp."
2026-03-23,RM-002,"Baking Powder",92.26,kg,"Universal Robina Agro-Industrial"
2026-03-23,RM-003,"Cream of Tartar",41.54,kg,"Golden Harvest Trading"
2026-03-23,RM-004,"Instant Dry Yeast",139.58,kg,"Magnolia Dairy Products"
2026-03-23,RM-005,"Cane Vinegar",164.13,L,"Quezon Coastal Gatherers Cooperative"
2026-03-23,RM-006,"Soy Sauce",178.84,L,"Lucena Aquatic & Fish Port Authority"
2026-03-23,RM-007,"Condensed Milk",210.74,kg,"Tiaong Highland Agricultural Hub"
2026-03-23,RM-008,"Evaporated Milk",183.19,L,"Southern Tagalog Food Essentials Inc."
2026-03-23,RM-009,"Powdered Milk",164.15,kg,"San Miguel Mills Corp."
2026-03-23,RM-010,"Fresh Whole Egg Whites",185.1,kg,"Universal Robina Agro-Industrial"
2026-03-23,RM-011,"Fresh Whole Eggs",371.32,kg,"Golden Harvest Trading"
2026-03-23,RM-012,"All-Vegetable Shortening",190,kg,"Magnolia Dairy Products"
2026-03-23,RM-013,"Baking Shortening",210.78,kg,"Quezon Coastal Gatherers Cooperative"
2026-03-23,RM-014,"Salted Creamery Butter",223.87,kg,"Lucena Aquatic & Fish Port Authority"
2026-03-23,RM-015,"Seedless Raisins",69.19,kg,"Tiaong Highland Agricultural Hub"
2026-03-23,RM-016,"Vanilla Extract",32.97,L,"Southern Tagalog Food Essentials Inc."
2026-03-23,RM-017,"All-Purpose Wheat Flour",545.76,kg,"San Miguel Mills Corp."
2026-03-23,RM-018,"Cornstarch",132.28,kg,"Universal Robina Agro-Industrial"
2026-03-23,RM-019,"Glutinous Rice (Malagkit for Pinipig)",250.84,kg,"Golden Harvest Trading"
2026-03-23,RM-020,"Hard Wheat Bread Flour",490.93,kg,"Magnolia Dairy Products"
2026-03-23,RM-021,"Purified Water",763.71,L,"Quezon Coastal Gatherers Cooperative"
2026-03-23,RM-022,"Cleaned Chicken Crop (Butse)",176.57,kg,"Lucena Aquatic & Fish Port Authority"
2026-03-23,RM-023,"Pork Skin with Back Fat",461.27,kg,"Tiaong Highland Agricultural Hub"
2026-03-23,RM-024,"Raw Shelled Peanuts",368.35,kg,"Southern Tagalog Food Essentials Inc."
2026-03-23,RM-025,"Toasted Sesame Seeds",55.58,kg,"San Miguel Mills Corp."
2026-03-23,RM-026,"Palm Cooking Oil",361.92,L,"Universal Robina Agro-Industrial"
2026-03-23,RM-027,"Pure Pork Lard",218.06,L,"Golden Harvest Trading"
2026-03-23,RM-028,"Refined Peanut Oil",156.79,L,"Magnolia Dairy Products"
2026-03-23,RM-029,"Fresh Carrots",120.15,kg,"Quezon Coastal Gatherers Cooperative"
2026-03-23,RM-030,"Fresh Cassava Tubers",272.25,kg,"Lucena Aquatic & Fish Port Authority"
2026-03-23,RM-031,"Fresh Garlic",103.93,kg,"Tiaong Highland Agricultural Hub"
2026-03-23,RM-032,"Fresh Ginger",75.35,kg,"Southern Tagalog Food Essentials Inc."
2026-03-23,RM-033,"Fresh Grated Coconut Meat",184.84,kg,"San Miguel Mills Corp."
2026-03-23,RM-034,"Fresh Mature Coconut Meat",196.7,kg,"Universal Robina Agro-Industrial"
2026-03-23,RM-035,"Fresh Purple Yam Tubers",195.85,kg,"Golden Harvest Trading"
2026-03-23,RM-036,"Fresh Sweet Potato",178.78,kg,"Magnolia Dairy Products"
2026-03-23,RM-037,"Green Raw Papaya",143.02,kg,"Quezon Coastal Gatherers Cooperative"
2026-03-23,RM-038,"Pandan Leaves",27.89,kg,"Lucena Aquatic & Fish Port Authority"
2026-03-23,RM-039,"Red Bell Peppers",59.69,kg,"Tiaong Highland Agricultural Hub"
2026-03-23,RM-040,"Red Chili Peppers (Siling Labuyo)",44.62,kg,"Southern Tagalog Food Essentials Inc."
2026-03-23,RM-041,"Red Onions",143.53,kg,"San Miguel Mills Corp."
2026-03-23,RM-042,"Unripe Green Saba Bananas",552.47,kg,"Universal Robina Agro-Industrial"
2026-03-23,RM-043,"Fresh Acetes Shrimp (Alamang)",237.72,kg,"Golden Harvest Trading"
2026-03-23,RM-044,"Fresh Bangus (Milkfish) Skin",154.6,kg,"Magnolia Dairy Products"
2026-03-23,RM-045,"Fresh Chiton Mollusk (Kibit)",271.22,kg,"Quezon Coastal Gatherers Cooperative"
2026-03-23,RM-046,"Fresh Kabasi Fish",140.06,kg,"Lucena Aquatic & Fish Port Authority"
2026-03-23,RM-047,"Fresh Sapsap Fish",168.48,kg,"Tiaong Highland Agricultural Hub"
2026-03-23,RM-048,"Cheese Seasoning Powder",69.68,kg,"Southern Tagalog Food Essentials Inc."
2026-03-23,RM-049,"Coarse Rock Salt",170.43,kg,"San Miguel Mills Corp."
2026-03-23,RM-050,"Iodized Salt",94.91,kg,"Universal Robina Agro-Industrial"
2026-03-23,RM-051,"Dried Bay Leaves (Laurel)",19.14,kg,"Golden Harvest Trading"
2026-03-23,RM-052,"Dried Red Chili Flakes",35.04,kg,"Magnolia Dairy Products"
2026-03-23,RM-053,"Garlic Powder",60.96,kg,"Quezon Coastal Gatherers Cooperative"
2026-03-23,RM-054,"Ground Black Pepper",52.98,kg,"Lucena Aquatic & Fish Port Authority"
2026-03-23,RM-055,"White Pepper Powder",43.51,kg,"Tiaong Highland Agricultural Hub"
2026-03-23,RM-056,"Whole Black Peppercorns",61.43,kg,"Southern Tagalog Food Essentials Inc."
2026-03-23,RM-057,"Muscovado Brown Sugar",197.99,kg,"San Miguel Mills Corp."
2026-03-23,RM-058,"Panutsa Cane Sugar",164.48,kg,"Universal Robina Agro-Industrial"
2026-03-23,RM-059,"Refined White Sugar",494.77,kg,"Golden Harvest Trading"
2026-04-03,RM-001,"Food Grade Sunset Yellow / Orange Dye",69.85,kg,"San Miguel Mills Corp."
2026-04-03,RM-002,"Baking Powder",92.2,kg,"Universal Robina Agro-Industrial"
2026-04-03,RM-003,"Cream of Tartar",37.19,kg,"Golden Harvest Trading"
2026-04-03,RM-004,"Instant Dry Yeast",121.45,kg,"Magnolia Dairy Products"
2026-04-03,RM-005,"Cane Vinegar",166.26,L,"Quezon Coastal Gatherers Cooperative"
2026-04-03,RM-006,"Soy Sauce",212,L,"Lucena Aquatic & Fish Port Authority"
2026-04-03,RM-007,"Condensed Milk",232.66,kg,"Tiaong Highland Agricultural Hub"
2026-04-03,RM-008,"Evaporated Milk",184.48,L,"Southern Tagalog Food Essentials Inc."
2026-04-03,RM-009,"Powdered Milk",173.33,kg,"San Miguel Mills Corp."
2026-04-03,RM-010,"Fresh Whole Egg Whites",166.46,kg,"Universal Robina Agro-Industrial"
2026-04-03,RM-011,"Fresh Whole Eggs",349.26,kg,"Golden Harvest Trading"
2026-04-03,RM-012,"All-Vegetable Shortening",207.17,kg,"Magnolia Dairy Products"
2026-04-03,RM-013,"Baking Shortening",222.64,kg,"Quezon Coastal Gatherers Cooperative"
2026-04-03,RM-014,"Salted Creamery Butter",208.09,kg,"Lucena Aquatic & Fish Port Authority"
2026-04-03,RM-015,"Seedless Raisins",76.07,kg,"Tiaong Highland Agricultural Hub"
2026-04-03,RM-016,"Vanilla Extract",27.49,L,"Southern Tagalog Food Essentials Inc."
2026-04-03,RM-017,"All-Purpose Wheat Flour",545.71,kg,"San Miguel Mills Corp."
2026-04-03,RM-018,"Cornstarch",158.62,kg,"Universal Robina Agro-Industrial"
2026-04-03,RM-019,"Glutinous Rice (Malagkit for Pinipig)",297.92,kg,"Golden Harvest Trading"
2026-04-03,RM-020,"Hard Wheat Bread Flour",477.49,kg,"Magnolia Dairy Products"
2026-04-03,RM-021,"Purified Water",623.69,L,"Quezon Coastal Gatherers Cooperative"
2026-04-03,RM-022,"Cleaned Chicken Crop (Butse)",173.17,kg,"Lucena Aquatic & Fish Port Authority"
2026-04-03,RM-023,"Pork Skin with Back Fat",445.33,kg,"Tiaong Highland Agricultural Hub"
2026-04-03,RM-024,"Raw Shelled Peanuts",389.73,kg,"Southern Tagalog Food Essentials Inc."
2026-04-03,RM-025,"Toasted Sesame Seeds",62.11,kg,"San Miguel Mills Corp."
2026-04-03,RM-026,"Palm Cooking Oil",387.63,L,"Universal Robina Agro-Industrial"
2026-04-03,RM-027,"Pure Pork Lard",207.37,L,"Golden Harvest Trading"
2026-04-03,RM-028,"Refined Peanut Oil",135.04,L,"Magnolia Dairy Products"
2026-04-03,RM-029,"Fresh Carrots",123.09,kg,"Quezon Coastal Gatherers Cooperative"
2026-04-03,RM-030,"Fresh Cassava Tubers",284.81,kg,"Lucena Aquatic & Fish Port Authority"
2026-04-03,RM-031,"Fresh Garlic",109.67,kg,"Tiaong Highland Agricultural Hub"
2026-04-03,RM-032,"Fresh Ginger",80.25,kg,"Southern Tagalog Food Essentials Inc."
2026-04-03,RM-033,"Fresh Grated Coconut Meat",201.62,kg,"San Miguel Mills Corp."
2026-04-03,RM-034,"Fresh Mature Coconut Meat",168.41,kg,"Universal Robina Agro-Industrial"
2026-04-03,RM-035,"Fresh Purple Yam Tubers",165.42,kg,"Golden Harvest Trading"
2026-04-03,RM-036,"Fresh Sweet Potato",210.77,kg,"Magnolia Dairy Products"
2026-04-03,RM-037,"Green Raw Papaya",137.25,kg,"Quezon Coastal Gatherers Cooperative"
2026-04-03,RM-038,"Pandan Leaves",30.89,kg,"Lucena Aquatic & Fish Port Authority"
2026-04-03,RM-039,"Red Bell Peppers",60.94,kg,"Tiaong Highland Agricultural Hub"
2026-04-03,RM-040,"Red Chili Peppers (Siling Labuyo)",46.2,kg,"Southern Tagalog Food Essentials Inc."
2026-04-03,RM-041,"Red Onions",121.92,kg,"San Miguel Mills Corp."
2026-04-03,RM-042,"Unripe Green Saba Bananas",497.92,kg,"Universal Robina Agro-Industrial"
2026-04-03,RM-043,"Fresh Acetes Shrimp (Alamang)",250.24,kg,"Golden Harvest Trading"
2026-04-03,RM-044,"Fresh Bangus (Milkfish) Skin",201.94,kg,"Magnolia Dairy Products"
2026-04-03,RM-045,"Fresh Chiton Mollusk (Kibit)",297.47,kg,"Quezon Coastal Gatherers Cooperative"
2026-04-03,RM-046,"Fresh Kabasi Fish",142.19,kg,"Lucena Aquatic & Fish Port Authority"
2026-04-03,RM-047,"Fresh Sapsap Fish",161.24,kg,"Tiaong Highland Agricultural Hub"
2026-04-03,RM-048,"Cheese Seasoning Powder",63.54,kg,"Southern Tagalog Food Essentials Inc."
2026-04-03,RM-049,"Coarse Rock Salt",150.16,kg,"San Miguel Mills Corp."
2026-04-03,RM-050,"Iodized Salt",110.51,kg,"Universal Robina Agro-Industrial"
2026-04-03,RM-051,"Dried Bay Leaves (Laurel)",24.19,kg,"Golden Harvest Trading"
2026-04-03,RM-052,"Dried Red Chili Flakes",35.81,kg,"Magnolia Dairy Products"
2026-04-03,RM-053,"Garlic Powder",52.87,kg,"Quezon Coastal Gatherers Cooperative"
2026-04-03,RM-054,"Ground Black Pepper",53.49,kg,"Lucena Aquatic & Fish Port Authority"
2026-04-03,RM-055,"White Pepper Powder",44,kg,"Tiaong Highland Agricultural Hub"
2026-04-03,RM-056,"Whole Black Peppercorns",62.56,kg,"Southern Tagalog Food Essentials Inc."
2026-04-03,RM-057,"Muscovado Brown Sugar",212.06,kg,"San Miguel Mills Corp."
2026-04-03,RM-058,"Panutsa Cane Sugar",153.8,kg,"Universal Robina Agro-Industrial"
2026-04-03,RM-059,"Refined White Sugar",451.19,kg,"Golden Harvest Trading"
2026-04-14,RM-001,"Food Grade Sunset Yellow / Orange Dye",83.74,kg,"San Miguel Mills Corp."
2026-04-14,RM-002,"Baking Powder",87.56,kg,"Universal Robina Agro-Industrial"
2026-04-14,RM-003,"Cream of Tartar",32.25,kg,"Golden Harvest Trading"
2026-04-14,RM-004,"Instant Dry Yeast",113.26,kg,"Magnolia Dairy Products"
2026-04-14,RM-005,"Cane Vinegar",163.85,L,"Quezon Coastal Gatherers Cooperative"
2026-04-14,RM-006,"Soy Sauce",207.48,L,"Lucena Aquatic & Fish Port Authority"
2026-04-14,RM-007,"Condensed Milk",250.75,kg,"Tiaong Highland Agricultural Hub"
2026-04-14,RM-008,"Evaporated Milk",174.03,L,"Southern Tagalog Food Essentials Inc."
2026-04-14,RM-009,"Powdered Milk",165.66,kg,"San Miguel Mills Corp."
2026-04-14,RM-010,"Fresh Whole Egg Whites",138.79,kg,"Universal Robina Agro-Industrial"
2026-04-14,RM-011,"Fresh Whole Eggs",338.55,kg,"Golden Harvest Trading"
2026-04-14,RM-012,"All-Vegetable Shortening",206.95,kg,"Magnolia Dairy Products"
2026-04-14,RM-013,"Baking Shortening",218.02,kg,"Quezon Coastal Gatherers Cooperative"
2026-04-14,RM-014,"Salted Creamery Butter",239.07,kg,"Lucena Aquatic & Fish Port Authority"
2026-04-14,RM-015,"Seedless Raisins",67.31,kg,"Tiaong Highland Agricultural Hub"
2026-04-14,RM-016,"Vanilla Extract",24.96,L,"Southern Tagalog Food Essentials Inc."
2026-04-14,RM-017,"All-Purpose Wheat Flour",522.62,kg,"San Miguel Mills Corp."
2026-04-14,RM-018,"Cornstarch",141.05,kg,"Universal Robina Agro-Industrial"
2026-04-14,RM-019,"Glutinous Rice (Malagkit for Pinipig)",329.22,kg,"Golden Harvest Trading"
2026-04-14,RM-020,"Hard Wheat Bread Flour",577.83,kg,"Magnolia Dairy Products"
2026-04-14,RM-021,"Purified Water",620.88,L,"Quezon Coastal Gatherers Cooperative"
2026-04-14,RM-022,"Cleaned Chicken Crop (Butse)",157.73,kg,"Lucena Aquatic & Fish Port Authority"
2026-04-14,RM-023,"Pork Skin with Back Fat",392.77,kg,"Tiaong Highland Agricultural Hub"
2026-04-14,RM-024,"Raw Shelled Peanuts",379.46,kg,"Southern Tagalog Food Essentials Inc."
2026-04-14,RM-025,"Toasted Sesame Seeds",69.47,kg,"San Miguel Mills Corp."
2026-04-14,RM-026,"Palm Cooking Oil",433.33,L,"Universal Robina Agro-Industrial"
2026-04-14,RM-027,"Pure Pork Lard",238.41,L,"Golden Harvest Trading"
2026-04-14,RM-028,"Refined Peanut Oil",115.95,L,"Magnolia Dairy Products"
2026-04-14,RM-029,"Fresh Carrots",112.85,kg,"Quezon Coastal Gatherers Cooperative"
2026-04-14,RM-030,"Fresh Cassava Tubers",277.82,kg,"Lucena Aquatic & Fish Port Authority"
2026-04-14,RM-031,"Fresh Garlic",112.28,kg,"Tiaong Highland Agricultural Hub"
2026-04-14,RM-032,"Fresh Ginger",75.71,kg,"Southern Tagalog Food Essentials Inc."
2026-04-14,RM-033,"Fresh Grated Coconut Meat",207.98,kg,"San Miguel Mills Corp."
2026-04-14,RM-034,"Fresh Mature Coconut Meat",161.34,kg,"Universal Robina Agro-Industrial"
2026-04-14,RM-035,"Fresh Purple Yam Tubers",159.4,kg,"Golden Harvest Trading"
2026-04-14,RM-036,"Fresh Sweet Potato",183.52,kg,"Magnolia Dairy Products"
2026-04-14,RM-037,"Green Raw Papaya",154.99,kg,"Quezon Coastal Gatherers Cooperative"
2026-04-14,RM-038,"Pandan Leaves",29,kg,"Lucena Aquatic & Fish Port Authority"
2026-04-14,RM-039,"Red Bell Peppers",61.78,kg,"Tiaong Highland Agricultural Hub"
2026-04-14,RM-040,"Red Chili Peppers (Siling Labuyo)",42.49,kg,"Southern Tagalog Food Essentials Inc."
2026-04-14,RM-041,"Red Onions",124.89,kg,"San Miguel Mills Corp."
2026-04-14,RM-042,"Unripe Green Saba Bananas",448.15,kg,"Universal Robina Agro-Industrial"
2026-04-14,RM-043,"Fresh Acetes Shrimp (Alamang)",234.27,kg,"Golden Harvest Trading"
2026-04-14,RM-044,"Fresh Bangus (Milkfish) Skin",207.02,kg,"Magnolia Dairy Products"
2026-04-14,RM-045,"Fresh Chiton Mollusk (Kibit)",322.51,kg,"Quezon Coastal Gatherers Cooperative"
2026-04-14,RM-046,"Fresh Kabasi Fish",124.88,kg,"Lucena Aquatic & Fish Port Authority"
2026-04-14,RM-047,"Fresh Sapsap Fish",144.79,kg,"Tiaong Highland Agricultural Hub"
2026-04-14,RM-048,"Cheese Seasoning Powder",57.95,kg,"Southern Tagalog Food Essentials Inc."
2026-04-14,RM-049,"Coarse Rock Salt",161.93,kg,"San Miguel Mills Corp."
2026-04-14,RM-050,"Iodized Salt",107.59,kg,"Universal Robina Agro-Industrial"
2026-04-14,RM-051,"Dried Bay Leaves (Laurel)",23.96,kg,"Golden Harvest Trading"
2026-04-14,RM-052,"Dried Red Chili Flakes",34.71,kg,"Magnolia Dairy Products"
2026-04-14,RM-053,"Garlic Powder",47.15,kg,"Quezon Coastal Gatherers Cooperative"
2026-04-14,RM-054,"Ground Black Pepper",46.09,kg,"Lucena Aquatic & Fish Port Authority"
2026-04-14,RM-055,"White Pepper Powder",43.35,kg,"Tiaong Highland Agricultural Hub"
2026-04-14,RM-056,"Whole Black Peppercorns",70.36,kg,"Southern Tagalog Food Essentials Inc."
2026-04-14,RM-057,"Muscovado Brown Sugar",233.18,kg,"San Miguel Mills Corp."
2026-04-14,RM-058,"Panutsa Cane Sugar",184.32,kg,"Universal Robina Agro-Industrial"
2026-04-14,RM-059,"Refined White Sugar",382.67,kg,"Golden Harvest Trading"
2026-04-25,RM-001,"Food Grade Sunset Yellow / Orange Dye",79.46,kg,"San Miguel Mills Corp."
2026-04-25,RM-002,"Baking Powder",89.52,kg,"Universal Robina Agro-Industrial"
2026-04-25,RM-003,"Cream of Tartar",34.84,kg,"Golden Harvest Trading"
2026-04-25,RM-004,"Instant Dry Yeast",98.94,kg,"Magnolia Dairy Products"
2026-04-25,RM-005,"Cane Vinegar",140.79,L,"Quezon Coastal Gatherers Cooperative"
2026-04-25,RM-006,"Soy Sauce",215.19,L,"Lucena Aquatic & Fish Port Authority"
2026-04-25,RM-007,"Condensed Milk",280.46,kg,"Tiaong Highland Agricultural Hub"
2026-04-25,RM-008,"Evaporated Milk",198.13,L,"Southern Tagalog Food Essentials Inc."
2026-04-25,RM-009,"Powdered Milk",165.04,kg,"San Miguel Mills Corp."
2026-04-25,RM-010,"Fresh Whole Egg Whites",130.29,kg,"Universal Robina Agro-Industrial"
2026-04-25,RM-011,"Fresh Whole Eggs",343.92,kg,"Golden Harvest Trading"
2026-04-25,RM-012,"All-Vegetable Shortening",226.87,kg,"Magnolia Dairy Products"
2026-04-25,RM-013,"Baking Shortening",244.69,kg,"Quezon Coastal Gatherers Cooperative"
2026-04-25,RM-014,"Salted Creamery Butter",273.92,kg,"Lucena Aquatic & Fish Port Authority"
2026-04-25,RM-015,"Seedless Raisins",67.88,kg,"Tiaong Highland Agricultural Hub"
2026-04-25,RM-016,"Vanilla Extract",27.6,L,"Southern Tagalog Food Essentials Inc."
2026-04-25,RM-017,"All-Purpose Wheat Flour",483.37,kg,"San Miguel Mills Corp."
2026-04-25,RM-018,"Cornstarch",141.6,kg,"Universal Robina Agro-Industrial"
2026-04-25,RM-019,"Glutinous Rice (Malagkit for Pinipig)",318.51,kg,"Golden Harvest Trading"
2026-04-25,RM-020,"Hard Wheat Bread Flour",574.57,kg,"Magnolia Dairy Products"
2026-04-25,RM-021,"Purified Water",703.62,L,"Quezon Coastal Gatherers Cooperative"
2026-04-25,RM-022,"Cleaned Chicken Crop (Butse)",148.47,kg,"Lucena Aquatic & Fish Port Authority"
2026-04-25,RM-023,"Pork Skin with Back Fat",368.85,kg,"Tiaong Highland Agricultural Hub"
2026-04-25,RM-024,"Raw Shelled Peanuts",382.03,kg,"Southern Tagalog Food Essentials Inc."
2026-04-25,RM-025,"Toasted Sesame Seeds",66.4,kg,"San Miguel Mills Corp."
2026-04-25,RM-026,"Palm Cooking Oil",474.5,L,"Universal Robina Agro-Industrial"
2026-04-25,RM-027,"Pure Pork Lard",223.13,L,"Golden Harvest Trading"
2026-04-25,RM-028,"Refined Peanut Oil",132.37,L,"Magnolia Dairy Products"
2026-04-25,RM-029,"Fresh Carrots",109.89,kg,"Quezon Coastal Gatherers Cooperative"
2026-04-25,RM-030,"Fresh Cassava Tubers",273,kg,"Lucena Aquatic & Fish Port Authority"
2026-04-25,RM-031,"Fresh Garlic",105.75,kg,"Tiaong Highland Agricultural Hub"
2026-04-25,RM-032,"Fresh Ginger",83.63,kg,"Southern Tagalog Food Essentials Inc."
2026-04-25,RM-033,"Fresh Grated Coconut Meat",222.53,kg,"San Miguel Mills Corp."
2026-04-25,RM-034,"Fresh Mature Coconut Meat",176.53,kg,"Universal Robina Agro-Industrial"
2026-04-25,RM-035,"Fresh Purple Yam Tubers",139.81,kg,"Golden Harvest Trading"
2026-04-25,RM-036,"Fresh Sweet Potato",178.88,kg,"Magnolia Dairy Products"
2026-04-25,RM-037,"Green Raw Papaya",147.93,kg,"Quezon Coastal Gatherers Cooperative"
2026-04-25,RM-038,"Pandan Leaves",34.11,kg,"Lucena Aquatic & Fish Port Authority"
2026-04-25,RM-039,"Red Bell Peppers",73.48,kg,"Tiaong Highland Agricultural Hub"
2026-04-25,RM-040,"Red Chili Peppers (Siling Labuyo)",46.02,kg,"Southern Tagalog Food Essentials Inc."
2026-04-25,RM-041,"Red Onions",104.43,kg,"San Miguel Mills Corp."
2026-04-25,RM-042,"Unripe Green Saba Bananas",461.7,kg,"Universal Robina Agro-Industrial"
2026-04-25,RM-043,"Fresh Acetes Shrimp (Alamang)",241.49,kg,"Golden Harvest Trading"
2026-04-25,RM-044,"Fresh Bangus (Milkfish) Skin",192.3,kg,"Magnolia Dairy Products"
2026-04-25,RM-045,"Fresh Chiton Mollusk (Kibit)",361.32,kg,"Quezon Coastal Gatherers Cooperative"
2026-04-25,RM-046,"Fresh Kabasi Fish",152.12,kg,"Lucena Aquatic & Fish Port Authority"
2026-04-25,RM-047,"Fresh Sapsap Fish",132.15,kg,"Tiaong Highland Agricultural Hub"
2026-04-25,RM-048,"Cheese Seasoning Powder",47.23,kg,"Southern Tagalog Food Essentials Inc."
2026-04-25,RM-049,"Coarse Rock Salt",160.55,kg,"San Miguel Mills Corp."
2026-04-25,RM-050,"Iodized Salt",110.21,kg,"Universal Robina Agro-Industrial"
2026-04-25,RM-051,"Dried Bay Leaves (Laurel)",29.02,kg,"Golden Harvest Trading"
2026-04-25,RM-052,"Dried Red Chili Flakes",37.42,kg,"Magnolia Dairy Products"
2026-04-25,RM-053,"Garlic Powder",55.91,kg,"Quezon Coastal Gatherers Cooperative"
2026-04-25,RM-054,"Ground Black Pepper",43.78,kg,"Lucena Aquatic & Fish Port Authority"
2026-04-25,RM-055,"White Pepper Powder",37.69,kg,"Tiaong Highland Agricultural Hub"
2026-04-25,RM-056,"Whole Black Peppercorns",64.48,kg,"Southern Tagalog Food Essentials Inc."
2026-04-25,RM-057,"Muscovado Brown Sugar",244.92,kg,"San Miguel Mills Corp."
2026-04-25,RM-058,"Panutsa Cane Sugar",180.25,kg,"Universal Robina Agro-Industrial"
2026-04-25,RM-059,"Refined White Sugar",426.91,kg,"Golden Harvest Trading"
2026-05-06,RM-001,"Food Grade Sunset Yellow / Orange Dye",93.36,kg,"San Miguel Mills Corp."
2026-05-06,RM-002,"Baking Powder",100.15,kg,"Universal Robina Agro-Industrial"
2026-05-06,RM-003,"Cream of Tartar",34.53,kg,"Golden Harvest Trading"
2026-05-06,RM-004,"Instant Dry Yeast",108.3,kg,"Magnolia Dairy Products"
2026-05-06,RM-005,"Cane Vinegar",120.8,L,"Quezon Coastal Gatherers Cooperative"
2026-05-06,RM-006,"Soy Sauce",194.31,L,"Lucena Aquatic & Fish Port Authority"
2026-05-06,RM-007,"Condensed Milk",251.51,kg,"Tiaong Highland Agricultural Hub"
2026-05-06,RM-008,"Evaporated Milk",194.82,L,"Southern Tagalog Food Essentials Inc."
2026-05-06,RM-009,"Powdered Milk",180.88,kg,"San Miguel Mills Corp."
2026-05-06,RM-010,"Fresh Whole Egg Whites",151.07,kg,"Universal Robina Agro-Industrial"
2026-05-06,RM-011,"Fresh Whole Eggs",277.58,kg,"Golden Harvest Trading"
2026-05-06,RM-012,"All-Vegetable Shortening",202.01,kg,"Magnolia Dairy Products"
2026-05-06,RM-013,"Baking Shortening",230.96,kg,"Quezon Coastal Gatherers Cooperative"
2026-05-06,RM-014,"Salted Creamery Butter",277.35,kg,"Lucena Aquatic & Fish Port Authority"
2026-05-06,RM-015,"Seedless Raisins",75.06,kg,"Tiaong Highland Agricultural Hub"
2026-05-06,RM-016,"Vanilla Extract",27.69,L,"Southern Tagalog Food Essentials Inc."
2026-05-06,RM-017,"All-Purpose Wheat Flour",471.23,kg,"San Miguel Mills Corp."
2026-05-06,RM-018,"Cornstarch",123.3,kg,"Universal Robina Agro-Industrial"
2026-05-06,RM-019,"Glutinous Rice (Malagkit for Pinipig)",312.23,kg,"Golden Harvest Trading"
2026-05-06,RM-020,"Hard Wheat Bread Flour",660.2,kg,"Magnolia Dairy Products"
2026-05-06,RM-021,"Purified Water",781.63,L,"Quezon Coastal Gatherers Cooperative"
2026-05-06,RM-022,"Cleaned Chicken Crop (Butse)",158.51,kg,"Lucena Aquatic & Fish Port Authority"
2026-05-06,RM-023,"Pork Skin with Back Fat",365.84,kg,"Tiaong Highland Agricultural Hub"
2026-05-06,RM-024,"Raw Shelled Peanuts",372.81,kg,"Southern Tagalog Food Essentials Inc."
2026-05-06,RM-025,"Toasted Sesame Seeds",61.14,kg,"San Miguel Mills Corp."
2026-05-06,RM-026,"Palm Cooking Oil",508.36,L,"Universal Robina Agro-Industrial"
2026-05-06,RM-027,"Pure Pork Lard",248.34,L,"Golden Harvest Trading"
2026-05-06,RM-028,"Refined Peanut Oil",146.7,L,"Magnolia Dairy Products"
2026-05-06,RM-029,"Fresh Carrots",96.56,kg,"Quezon Coastal Gatherers Cooperative"
2026-05-06,RM-030,"Fresh Cassava Tubers",219.43,kg,"Lucena Aquatic & Fish Port Authority"
2026-05-06,RM-031,"Fresh Garlic",100.52,kg,"Tiaong Highland Agricultural Hub"
2026-05-06,RM-032,"Fresh Ginger",88.65,kg,"Southern Tagalog Food Essentials Inc."
2026-05-06,RM-033,"Fresh Grated Coconut Meat",236.14,kg,"San Miguel Mills Corp."
2026-05-06,RM-034,"Fresh Mature Coconut Meat",173.83,kg,"Universal Robina Agro-Industrial"
2026-05-06,RM-035,"Fresh Purple Yam Tubers",144.75,kg,"Golden Harvest Trading"
2026-05-06,RM-036,"Fresh Sweet Potato",145.35,kg,"Magnolia Dairy Products"
2026-05-06,RM-037,"Green Raw Papaya",124.81,kg,"Quezon Coastal Gatherers Cooperative"
2026-05-06,RM-038,"Pandan Leaves",31.28,kg,"Lucena Aquatic & Fish Port Authority"
2026-05-06,RM-039,"Red Bell Peppers",75.51,kg,"Tiaong Highland Agricultural Hub"
2026-05-06,RM-040,"Red Chili Peppers (Siling Labuyo)",47.07,kg,"Southern Tagalog Food Essentials Inc."
2026-05-06,RM-041,"Red Onions",110.39,kg,"San Miguel Mills Corp."
2026-05-06,RM-042,"Unripe Green Saba Bananas",443.66,kg,"Universal Robina Agro-Industrial"
2026-05-06,RM-043,"Fresh Acetes Shrimp (Alamang)",212.15,kg,"Golden Harvest Trading"
2026-05-06,RM-044,"Fresh Bangus (Milkfish) Skin",203.55,kg,"Magnolia Dairy Products"
2026-05-06,RM-045,"Fresh Chiton Mollusk (Kibit)",347.71,kg,"Quezon Coastal Gatherers Cooperative"
2026-05-06,RM-046,"Fresh Kabasi Fish",154.36,kg,"Lucena Aquatic & Fish Port Authority"
2026-05-06,RM-047,"Fresh Sapsap Fish",166.36,kg,"Tiaong Highland Agricultural Hub"
2026-05-06,RM-048,"Cheese Seasoning Powder",47.65,kg,"Southern Tagalog Food Essentials Inc."
2026-05-06,RM-049,"Coarse Rock Salt",143.4,kg,"San Miguel Mills Corp."
2026-05-06,RM-050,"Iodized Salt",108.87,kg,"Universal Robina Agro-Industrial"
2026-05-06,RM-051,"Dried Bay Leaves (Laurel)",27.73,kg,"Golden Harvest Trading"
2026-05-06,RM-052,"Dried Red Chili Flakes",42.36,kg,"Magnolia Dairy Products"
2026-05-06,RM-053,"Garlic Powder",53.33,kg,"Quezon Coastal Gatherers Cooperative"
2026-05-06,RM-054,"Ground Black Pepper",43.17,kg,"Lucena Aquatic & Fish Port Authority"
2026-05-06,RM-055,"White Pepper Powder",35.64,kg,"Tiaong Highland Agricultural Hub"
2026-05-06,RM-056,"Whole Black Peppercorns",53.42,kg,"Southern Tagalog Food Essentials Inc."
2026-05-06,RM-057,"Muscovado Brown Sugar",237.3,kg,"San Miguel Mills Corp."
2026-05-06,RM-058,"Panutsa Cane Sugar",217.03,kg,"Universal Robina Agro-Industrial"
2026-05-06,RM-059,"Refined White Sugar",435.56,kg,"Golden Harvest Trading"
2026-05-17,RM-001,"Food Grade Sunset Yellow / Orange Dye",89.3,kg,"San Miguel Mills Corp."
2026-05-17,RM-002,"Baking Powder",101.94,kg,"Universal Robina Agro-Industrial"
2026-05-17,RM-003,"Cream of Tartar",39.1,kg,"Golden Harvest Trading"
2026-05-17,RM-004,"Instant Dry Yeast",117.77,kg,"Magnolia Dairy Products"
2026-05-17,RM-005,"Cane Vinegar",125.71,L,"Quezon Coastal Gatherers Cooperative"
2026-05-17,RM-006,"Soy Sauce",166.09,L,"Lucena Aquatic & Fish Port Authority"
2026-05-17,RM-007,"Condensed Milk",239.4,kg,"Tiaong Highland Agricultural Hub"
2026-05-17,RM-008,"Evaporated Milk",208.28,L,"Southern Tagalog Food Essentials Inc."
2026-05-17,RM-009,"Powdered Milk",196.97,kg,"San Miguel Mills Corp."
2026-05-17,RM-010,"Fresh Whole Egg Whites",141.52,kg,"Universal Robina Agro-Industrial"
2026-05-17,RM-011,"Fresh Whole Eggs",299.97,kg,"Golden Harvest Trading"
2026-05-17,RM-012,"All-Vegetable Shortening",189.18,kg,"Magnolia Dairy Products"
2026-05-17,RM-013,"Baking Shortening",222.89,kg,"Quezon Coastal Gatherers Cooperative"
2026-05-17,RM-014,"Salted Creamery Butter",304.62,kg,"Lucena Aquatic & Fish Port Authority"
2026-05-17,RM-015,"Seedless Raisins",90.45,kg,"Tiaong Highland Agricultural Hub"
2026-05-17,RM-016,"Vanilla Extract",26.03,L,"Southern Tagalog Food Essentials Inc."
2026-05-17,RM-017,"All-Purpose Wheat Flour",410.34,kg,"San Miguel Mills Corp."
2026-05-17,RM-018,"Cornstarch",130.89,kg,"Universal Robina Agro-Industrial"
2026-05-17,RM-019,"Glutinous Rice (Malagkit for Pinipig)",303.69,kg,"Golden Harvest Trading"
2026-05-17,RM-020,"Hard Wheat Bread Flour",632.96,kg,"Magnolia Dairy Products"
2026-05-17,RM-021,"Purified Water",880.28,L,"Quezon Coastal Gatherers Cooperative"
2026-05-17,RM-022,"Cleaned Chicken Crop (Butse)",169.76,kg,"Lucena Aquatic & Fish Port Authority"
2026-05-17,RM-023,"Pork Skin with Back Fat",320.63,kg,"Tiaong Highland Agricultural Hub"
2026-05-17,RM-024,"Raw Shelled Peanuts",306.78,kg,"Southern Tagalog Food Essentials Inc."
2026-05-17,RM-025,"Toasted Sesame Seeds",52.97,kg,"San Miguel Mills Corp."
2026-05-17,RM-026,"Palm Cooking Oil",450.54,L,"Universal Robina Agro-Industrial"
2026-05-17,RM-027,"Pure Pork Lard",251.53,L,"Golden Harvest Trading"
2026-05-17,RM-028,"Refined Peanut Oil",154.08,L,"Magnolia Dairy Products"
2026-05-17,RM-029,"Fresh Carrots",111.91,kg,"Quezon Coastal Gatherers Cooperative"
2026-05-17,RM-030,"Fresh Cassava Tubers",220.39,kg,"Lucena Aquatic & Fish Port Authority"
2026-05-17,RM-031,"Fresh Garlic",98.16,kg,"Tiaong Highland Agricultural Hub"
2026-05-17,RM-032,"Fresh Ginger",88.34,kg,"Southern Tagalog Food Essentials Inc."
2026-05-17,RM-033,"Fresh Grated Coconut Meat",226.57,kg,"San Miguel Mills Corp."
2026-05-17,RM-034,"Fresh Mature Coconut Meat",211.99,kg,"Universal Robina Agro-Industrial"
2026-05-17,RM-035,"Fresh Purple Yam Tubers",157.79,kg,"Golden Harvest Trading"
2026-05-17,RM-036,"Fresh Sweet Potato",148.17,kg,"Magnolia Dairy Products"
2026-05-17,RM-037,"Green Raw Papaya",124.86,kg,"Quezon Coastal Gatherers Cooperative"
2026-05-17,RM-038,"Pandan Leaves",30.26,kg,"Lucena Aquatic & Fish Port Authority"
2026-05-17,RM-039,"Red Bell Peppers",71.62,kg,"Tiaong Highland Agricultural Hub"
2026-05-17,RM-040,"Red Chili Peppers (Siling Labuyo)",54.35,kg,"Southern Tagalog Food Essentials Inc."
2026-05-17,RM-041,"Red Onions",119.48,kg,"San Miguel Mills Corp."
2026-05-17,RM-042,"Unripe Green Saba Bananas",408.64,kg,"Universal Robina Agro-Industrial"
2026-05-17,RM-043,"Fresh Acetes Shrimp (Alamang)",177.39,kg,"Golden Harvest Trading"
2026-05-17,RM-044,"Fresh Bangus (Milkfish) Skin",176.92,kg,"Magnolia Dairy Products"
2026-05-17,RM-045,"Fresh Chiton Mollusk (Kibit)",358.87,kg,"Quezon Coastal Gatherers Cooperative"
2026-05-17,RM-046,"Fresh Kabasi Fish",171.5,kg,"Lucena Aquatic & Fish Port Authority"
2026-05-17,RM-047,"Fresh Sapsap Fish",173.24,kg,"Tiaong Highland Agricultural Hub"
2026-05-17,RM-048,"Cheese Seasoning Powder",54.22,kg,"Southern Tagalog Food Essentials Inc."
2026-05-17,RM-049,"Coarse Rock Salt",122.41,kg,"San Miguel Mills Corp."
2026-05-17,RM-050,"Iodized Salt",87.98,kg,"Universal Robina Agro-Industrial"
2026-05-17,RM-051,"Dried Bay Leaves (Laurel)",24.91,kg,"Golden Harvest Trading"
2026-05-17,RM-052,"Dried Red Chili Flakes",46.25,kg,"Magnolia Dairy Products"
2026-05-17,RM-053,"Garlic Powder",62.99,kg,"Quezon Coastal Gatherers Cooperative"
2026-05-17,RM-054,"Ground Black Pepper",47.9,kg,"Lucena Aquatic & Fish Port Authority"
2026-05-17,RM-055,"White Pepper Powder",37.59,kg,"Tiaong Highland Agricultural Hub"
2026-05-17,RM-056,"Whole Black Peppercorns",58.7,kg,"Southern Tagalog Food Essentials Inc."
2026-05-17,RM-057,"Muscovado Brown Sugar",224.84,kg,"San Miguel Mills Corp."
2026-05-17,RM-058,"Panutsa Cane Sugar",210.14,kg,"Universal Robina Agro-Industrial"
2026-05-17,RM-059,"Refined White Sugar",487.25,kg,"Golden Harvest Trading"
2026-05-28,RM-001,"Food Grade Sunset Yellow / Orange Dye",78.22,kg,"San Miguel Mills Corp."
2026-05-28,RM-002,"Baking Powder",103.73,kg,"Universal Robina Agro-Industrial"
2026-05-28,RM-003,"Cream of Tartar",41.19,kg,"Golden Harvest Trading"
2026-05-28,RM-004,"Instant Dry Yeast",118.27,kg,"Magnolia Dairy Products"
2026-05-28,RM-005,"Cane Vinegar",137.44,L,"Quezon Coastal Gatherers Cooperative"
2026-05-28,RM-006,"Soy Sauce",182.38,L,"Lucena Aquatic & Fish Port Authority"
2026-05-28,RM-007,"Condensed Milk",225.39,kg,"Tiaong Highland Agricultural Hub"
2026-05-28,RM-008,"Evaporated Milk",214.48,L,"Southern Tagalog Food Essentials Inc."
2026-05-28,RM-009,"Powdered Milk",188.24,kg,"San Miguel Mills Corp."
2026-05-28,RM-010,"Fresh Whole Egg Whites",171.93,kg,"Universal Robina Agro-Industrial"
2026-05-28,RM-011,"Fresh Whole Eggs",284.76,kg,"Golden Harvest Trading"
2026-05-28,RM-012,"All-Vegetable Shortening",181.2,kg,"Magnolia Dairy Products"
2026-05-28,RM-013,"Baking Shortening",200.95,kg,"Quezon Coastal Gatherers Cooperative"
2026-05-28,RM-014,"Salted Creamery Butter",249.8,kg,"Lucena Aquatic & Fish Port Authority"
2026-05-28,RM-015,"Seedless Raisins",85.66,kg,"Tiaong Highland Agricultural Hub"
2026-05-28,RM-016,"Vanilla Extract",32.18,L,"Southern Tagalog Food Essentials Inc."
2026-05-28,RM-017,"All-Purpose Wheat Flour",501.89,kg,"San Miguel Mills Corp."
2026-05-28,RM-018,"Cornstarch",121.22,kg,"Universal Robina Agro-Industrial"
2026-05-28,RM-019,"Glutinous Rice (Malagkit for Pinipig)",271.97,kg,"Golden Harvest Trading"
2026-05-28,RM-020,"Hard Wheat Bread Flour",581.13,kg,"Magnolia Dairy Products"
2026-05-28,RM-021,"Purified Water",828.68,L,"Quezon Coastal Gatherers Cooperative"
2026-05-28,RM-022,"Cleaned Chicken Crop (Butse)",183.36,kg,"Lucena Aquatic & Fish Port Authority"
2026-05-28,RM-023,"Pork Skin with Back Fat",390.23,kg,"Tiaong Highland Agricultural Hub"
2026-05-28,RM-024,"Raw Shelled Peanuts",336.94,kg,"Southern Tagalog Food Essentials Inc."
2026-05-28,RM-025,"Toasted Sesame Seeds",46.65,kg,"San Miguel Mills Corp."
2026-05-28,RM-026,"Palm Cooking Oil",432.4,L,"Universal Robina Agro-Industrial"
2026-05-28,RM-027,"Pure Pork Lard",277.68,L,"Golden Harvest Trading"
2026-05-28,RM-028,"Refined Peanut Oil",174.46,L,"Magnolia Dairy Products"
2026-05-28,RM-029,"Fresh Carrots",119.28,kg,"Quezon Coastal Gatherers Cooperative"
2026-05-28,RM-030,"Fresh Cassava Tubers",214.54,kg,"Lucena Aquatic & Fish Port Authority"
2026-05-28,RM-031,"Fresh Garlic",76.21,kg,"Tiaong Highland Agricultural Hub"
2026-05-28,RM-032,"Fresh Ginger",69.73,kg,"Southern Tagalog Food Essentials Inc."
2026-05-28,RM-033,"Fresh Grated Coconut Meat",244.12,kg,"San Miguel Mills Corp."
2026-05-28,RM-034,"Fresh Mature Coconut Meat",208.04,kg,"Universal Robina Agro-Industrial"
2026-05-28,RM-035,"Fresh Purple Yam Tubers",170.44,kg,"Golden Harvest Trading"
2026-05-28,RM-036,"Fresh Sweet Potato",155.61,kg,"Magnolia Dairy Products"
2026-05-28,RM-037,"Green Raw Papaya",120.47,kg,"Quezon Coastal Gatherers Cooperative"
2026-05-28,RM-038,"Pandan Leaves",24.89,kg,"Lucena Aquatic & Fish Port Authority"
2026-05-28,RM-039,"Red Bell Peppers",69.82,kg,"Tiaong Highland Agricultural Hub"
2026-05-28,RM-040,"Red Chili Peppers (Siling Labuyo)",57.91,kg,"Southern Tagalog Food Essentials Inc."
2026-05-28,RM-041,"Red Onions",147.06,kg,"San Miguel Mills Corp."
2026-05-28,RM-042,"Unripe Green Saba Bananas",476.08,kg,"Universal Robina Agro-Industrial"
2026-05-28,RM-043,"Fresh Acetes Shrimp (Alamang)",185.71,kg,"Golden Harvest Trading"
2026-05-28,RM-044,"Fresh Bangus (Milkfish) Skin",179.13,kg,"Magnolia Dairy Products"
2026-05-28,RM-045,"Fresh Chiton Mollusk (Kibit)",338.12,kg,"Quezon Coastal Gatherers Cooperative"
2026-05-28,RM-046,"Fresh Kabasi Fish",171.57,kg,"Lucena Aquatic & Fish Port Authority"
2026-05-28,RM-047,"Fresh Sapsap Fish",181.66,kg,"Tiaong Highland Agricultural Hub"
2026-05-28,RM-048,"Cheese Seasoning Powder",60.64,kg,"Southern Tagalog Food Essentials Inc."
2026-05-28,RM-049,"Coarse Rock Salt",128.23,kg,"San Miguel Mills Corp."
2026-05-28,RM-050,"Iodized Salt",92.46,kg,"Universal Robina Agro-Industrial"
2026-05-28,RM-051,"Dried Bay Leaves (Laurel)",25.21,kg,"Golden Harvest Trading"
2026-05-28,RM-052,"Dried Red Chili Flakes",38.93,kg,"Magnolia Dairy Products"
2026-05-28,RM-053,"Garlic Powder",61.23,kg,"Quezon Coastal Gatherers Cooperative"
2026-05-28,RM-054,"Ground Black Pepper",49.27,kg,"Lucena Aquatic & Fish Port Authority"
2026-05-28,RM-055,"White Pepper Powder",36.45,kg,"Tiaong Highland Agricultural Hub"
2026-05-28,RM-056,"Whole Black Peppercorns",55.82,kg,"Southern Tagalog Food Essentials Inc."
2026-05-28,RM-057,"Muscovado Brown Sugar",197.13,kg,"San Miguel Mills Corp."
2026-05-28,RM-058,"Panutsa Cane Sugar",185.32,kg,"Universal Robina Agro-Industrial"
2026-05-28,RM-059,"Refined White Sugar",490.84,kg,"Golden Harvest Trading"
2026-06-08,RM-001,"Food Grade Sunset Yellow / Orange Dye",67.9,kg,"San Miguel Mills Corp."
2026-06-08,RM-002,"Baking Powder",98.97,kg,"Universal Robina Agro-Industrial"
2026-06-08,RM-003,"Cream of Tartar",43.13,kg,"Golden Harvest Trading"
2026-06-08,RM-004,"Instant Dry Yeast",125.67,kg,"Magnolia Dairy Products"
2026-06-08,RM-005,"Cane Vinegar",156.34,L,"Quezon Coastal Gatherers Cooperative"
2026-06-08,RM-006,"Soy Sauce",187.16,L,"Lucena Aquatic & Fish Port Authority"
2026-06-08,RM-007,"Condensed Milk",229.1,kg,"Tiaong Highland Agricultural Hub"
2026-06-08,RM-008,"Evaporated Milk",191.63,L,"Southern Tagalog Food Essentials Inc."
2026-06-08,RM-009,"Powdered Milk",187.03,kg,"San Miguel Mills Corp."
2026-06-08,RM-010,"Fresh Whole Egg Whites",183.39,kg,"Universal Robina Agro-Industrial"
2026-06-08,RM-011,"Fresh Whole Eggs",339.84,kg,"Golden Harvest Trading"
2026-06-08,RM-012,"All-Vegetable Shortening",172.64,kg,"Magnolia Dairy Products"
2026-06-08,RM-013,"Baking Shortening",179.22,kg,"Quezon Coastal Gatherers Cooperative"
2026-06-08,RM-014,"Salted Creamery Butter",231.34,kg,"Lucena Aquatic & Fish Port Authority"
2026-06-08,RM-015,"Seedless Raisins",90.24,kg,"Tiaong Highland Agricultural Hub"
2026-06-08,RM-016,"Vanilla Extract",33.07,L,"Southern Tagalog Food Essentials Inc."
2026-06-08,RM-017,"All-Purpose Wheat Flour",505.53,kg,"San Miguel Mills Corp."
2026-06-08,RM-018,"Cornstarch",121.57,kg,"Universal Robina Agro-Industrial"
2026-06-08,RM-019,"Glutinous Rice (Malagkit for Pinipig)",280.12,kg,"Golden Harvest Trading"
2026-06-08,RM-020,"Hard Wheat Bread Flour",586.74,kg,"Magnolia Dairy Products"
2026-06-08,RM-021,"Purified Water",866.46,L,"Quezon Coastal Gatherers Cooperative"
2026-06-08,RM-022,"Cleaned Chicken Crop (Butse)",205.59,kg,"Lucena Aquatic & Fish Port Authority"
2026-06-08,RM-023,"Pork Skin with Back Fat",398.95,kg,"Tiaong Highland Agricultural Hub"
2026-06-08,RM-024,"Raw Shelled Peanuts",377.88,kg,"Southern Tagalog Food Essentials Inc."
2026-06-08,RM-025,"Toasted Sesame Seeds",52.12,kg,"San Miguel Mills Corp."
2026-06-08,RM-026,"Palm Cooking Oil",383.05,L,"Universal Robina Agro-Industrial"
2026-06-08,RM-027,"Pure Pork Lard",234.78,L,"Golden Harvest Trading"
2026-06-08,RM-028,"Refined Peanut Oil",167.81,L,"Magnolia Dairy Products"
2026-06-08,RM-029,"Fresh Carrots",123.47,kg,"Quezon Coastal Gatherers Cooperative"
2026-06-08,RM-030,"Fresh Cassava Tubers",237.52,kg,"Lucena Aquatic & Fish Port Authority"
2026-06-08,RM-031,"Fresh Garlic",88.2,kg,"Tiaong Highland Agricultural Hub"
2026-06-08,RM-032,"Fresh Ginger",62.78,kg,"Southern Tagalog Food Essentials Inc."
2026-06-08,RM-033,"Fresh Grated Coconut Meat",217,kg,"San Miguel Mills Corp."
2026-06-08,RM-034,"Fresh Mature Coconut Meat",192.87,kg,"Universal Robina Agro-Industrial"
2026-06-08,RM-035,"Fresh Purple Yam Tubers",189.42,kg,"Golden Harvest Trading"
2026-06-08,RM-036,"Fresh Sweet Potato",171.08,kg,"Magnolia Dairy Products"
2026-06-08,RM-037,"Green Raw Papaya",117.91,kg,"Quezon Coastal Gatherers Cooperative"
2026-06-08,RM-038,"Pandan Leaves",27.79,kg,"Lucena Aquatic & Fish Port Authority"
2026-06-08,RM-039,"Red Bell Peppers",59.49,kg,"Tiaong Highland Agricultural Hub"
2026-06-08,RM-040,"Red Chili Peppers (Siling Labuyo)",52,kg,"Southern Tagalog Food Essentials Inc."
2026-06-08,RM-041,"Red Onions",135.57,kg,"San Miguel Mills Corp."
2026-06-08,RM-042,"Unripe Green Saba Bananas",538.44,kg,"Universal Robina Agro-Industrial"
2026-06-08,RM-043,"Fresh Acetes Shrimp (Alamang)",190.72,kg,"Golden Harvest Trading"
2026-06-08,RM-044,"Fresh Bangus (Milkfish) Skin",153.71,kg,"Magnolia Dairy Products"
2026-06-08,RM-045,"Fresh Chiton Mollusk (Kibit)",295.38,kg,"Quezon Coastal Gatherers Cooperative"
2026-06-08,RM-046,"Fresh Kabasi Fish",165.51,kg,"Lucena Aquatic & Fish Port Authority"
2026-06-08,RM-047,"Fresh Sapsap Fish",177.47,kg,"Tiaong Highland Agricultural Hub"
2026-06-08,RM-048,"Cheese Seasoning Powder",60.06,kg,"Southern Tagalog Food Essentials Inc."
2026-06-08,RM-049,"Coarse Rock Salt",155.47,kg,"San Miguel Mills Corp."
2026-06-08,RM-050,"Iodized Salt",90.15,kg,"Universal Robina Agro-Industrial"
2026-06-08,RM-051,"Dried Bay Leaves (Laurel)",23.86,kg,"Golden Harvest Trading"
2026-06-08,RM-052,"Dried Red Chili Flakes",38.99,kg,"Magnolia Dairy Products"
2026-06-08,RM-053,"Garlic Powder",64.3,kg,"Quezon Coastal Gatherers Cooperative"
2026-06-08,RM-054,"Ground Black Pepper",57.44,kg,"Lucena Aquatic & Fish Port Authority"
2026-06-08,RM-055,"White Pepper Powder",42.71,kg,"Tiaong Highland Agricultural Hub"
2026-06-08,RM-056,"Whole Black Peppercorns",50.97,kg,"Southern Tagalog Food Essentials Inc."
2026-06-08,RM-057,"Muscovado Brown Sugar",201.1,kg,"San Miguel Mills Corp."
2026-06-08,RM-058,"Panutsa Cane Sugar",170.03,kg,"Universal Robina Agro-Industrial"
2026-06-08,RM-059,"Refined White Sugar",489.61,kg,"Golden Harvest Trading"
2026-06-19,RM-001,"Food Grade Sunset Yellow / Orange Dye",68.39,kg,"San Miguel Mills Corp."
2026-06-19,RM-002,"Baking Powder",93.16,kg,"Universal Robina Agro-Industrial"
2026-06-19,RM-003,"Cream of Tartar",37.57,kg,"Golden Harvest Trading"
2026-06-19,RM-004,"Instant Dry Yeast",125.14,kg,"Magnolia Dairy Products"
2026-06-19,RM-005,"Cane Vinegar",156.84,L,"Quezon Coastal Gatherers Cooperative"
2026-06-19,RM-006,"Soy Sauce",188.09,L,"Lucena Aquatic & Fish Port Authority"
2026-06-19,RM-007,"Condensed Milk",191.99,kg,"Tiaong Highland Agricultural Hub"
2026-06-19,RM-008,"Evaporated Milk",174.75,L,"Southern Tagalog Food Essentials Inc."
2026-06-19,RM-009,"Powdered Milk",173.51,kg,"San Miguel Mills Corp."
2026-06-19,RM-010,"Fresh Whole Egg Whites",163.64,kg,"Universal Robina Agro-Industrial"
2026-06-19,RM-011,"Fresh Whole Eggs",402.03,kg,"Golden Harvest Trading"
2026-06-19,RM-012,"All-Vegetable Shortening",208.07,kg,"Magnolia Dairy Products"
2026-06-19,RM-013,"Baking Shortening",173.73,kg,"Quezon Coastal Gatherers Cooperative"
2026-06-19,RM-014,"Salted Creamery Butter",230.27,kg,"Lucena Aquatic & Fish Port Authority"
2026-06-19,RM-015,"Seedless Raisins",74.3,kg,"Tiaong Highland Agricultural Hub"
2026-06-19,RM-016,"Vanilla Extract",33.56,L,"Southern Tagalog Food Essentials Inc."
2026-06-19,RM-017,"All-Purpose Wheat Flour",504.26,kg,"San Miguel Mills Corp."
2026-06-19,RM-018,"Cornstarch",148.25,kg,"Universal Robina Agro-Industrial"
2026-06-19,RM-019,"Glutinous Rice (Malagkit for Pinipig)",250.07,kg,"Golden Harvest Trading"
2026-06-19,RM-020,"Hard Wheat Bread Flour",506.53,kg,"Magnolia Dairy Products"
2026-06-19,RM-021,"Purified Water",690.44,L,"Quezon Coastal Gatherers Cooperative"
2026-06-19,RM-022,"Cleaned Chicken Crop (Butse)",189.65,kg,"Lucena Aquatic & Fish Port Authority"
2026-06-19,RM-023,"Pork Skin with Back Fat",413.48,kg,"Tiaong Highland Agricultural Hub"
2026-06-19,RM-024,"Raw Shelled Peanuts",416.93,kg,"Southern Tagalog Food Essentials Inc."
2026-06-19,RM-025,"Toasted Sesame Seeds",52.15,kg,"San Miguel Mills Corp."
2026-06-19,RM-026,"Palm Cooking Oil",409.07,L,"Universal Robina Agro-Industrial"
2026-06-19,RM-027,"Pure Pork Lard",219.72,L,"Golden Harvest Trading"
2026-06-19,RM-028,"Refined Peanut Oil",159.43,L,"Magnolia Dairy Products"
2026-06-19,RM-029,"Fresh Carrots",122.52,kg,"Quezon Coastal Gatherers Cooperative"
2026-06-19,RM-030,"Fresh Cassava Tubers",271.27,kg,"Lucena Aquatic & Fish Port Authority"
2026-06-19,RM-031,"Fresh Garlic",93.9,kg,"Tiaong Highland Agricultural Hub"
2026-06-19,RM-032,"Fresh Ginger",66.88,kg,"Southern Tagalog Food Essentials Inc."
2026-06-19,RM-033,"Fresh Grated Coconut Meat",182.68,kg,"San Miguel Mills Corp."
2026-06-19,RM-034,"Fresh Mature Coconut Meat",177.28,kg,"Universal Robina Agro-Industrial"
2026-06-19,RM-035,"Fresh Purple Yam Tubers",167.82,kg,"Golden Harvest Trading"
2026-06-19,RM-036,"Fresh Sweet Potato",190.32,kg,"Magnolia Dairy Products"
2026-06-19,RM-037,"Green Raw Papaya",132.04,kg,"Quezon Coastal Gatherers Cooperative"
2026-06-19,RM-038,"Pandan Leaves",27.78,kg,"Lucena Aquatic & Fish Port Authority"
2026-06-19,RM-039,"Red Bell Peppers",60.2,kg,"Tiaong Highland Agricultural Hub"
2026-06-19,RM-040,"Red Chili Peppers (Siling Labuyo)",45.71,kg,"Southern Tagalog Food Essentials Inc."
2026-06-19,RM-041,"Red Onions",129.95,kg,"San Miguel Mills Corp."
2026-06-19,RM-042,"Unripe Green Saba Bananas",515.33,kg,"Universal Robina Agro-Industrial"
2026-06-19,RM-043,"Fresh Acetes Shrimp (Alamang)",241.21,kg,"Golden Harvest Trading"
2026-06-19,RM-044,"Fresh Bangus (Milkfish) Skin",174.88,kg,"Magnolia Dairy Products"
2026-06-19,RM-045,"Fresh Chiton Mollusk (Kibit)",257.16,kg,"Quezon Coastal Gatherers Cooperative"
2026-06-19,RM-046,"Fresh Kabasi Fish",147.2,kg,"Lucena Aquatic & Fish Port Authority"
2026-06-19,RM-047,"Fresh Sapsap Fish",163.42,kg,"Tiaong Highland Agricultural Hub"
2026-06-19,RM-048,"Cheese Seasoning Powder",66.26,kg,"Southern Tagalog Food Essentials Inc."
2026-06-19,RM-049,"Coarse Rock Salt",147.12,kg,"San Miguel Mills Corp."
2026-06-19,RM-050,"Iodized Salt",87.4,kg,"Universal Robina Agro-Industrial"
2026-06-19,RM-051,"Dried Bay Leaves (Laurel)",22.89,kg,"Golden Harvest Trading"
2026-06-19,RM-052,"Dried Red Chili Flakes",33.12,kg,"Magnolia Dairy Products"
2026-06-19,RM-053,"Garlic Powder",64.47,kg,"Quezon Coastal Gatherers Cooperative"
2026-06-19,RM-054,"Ground Black Pepper",53.82,kg,"Lucena Aquatic & Fish Port Authority"
2026-06-19,RM-055,"White Pepper Powder",43.39,kg,"Tiaong Highland Agricultural Hub"
2026-06-19,RM-056,"Whole Black Peppercorns",53.15,kg,"Southern Tagalog Food Essentials Inc."
2026-06-19,RM-057,"Muscovado Brown Sugar",192.44,kg,"San Miguel Mills Corp."
2026-06-19,RM-058,"Panutsa Cane Sugar",166.18,kg,"Universal Robina Agro-Industrial"
2026-06-19,RM-059,"Refined White Sugar",479.84,kg,"Golden Harvest Trading"
2026-06-30,RM-001,"Food Grade Sunset Yellow / Orange Dye",66.1,kg,"San Miguel Mills Corp."
2026-06-30,RM-002,"Baking Powder",89.82,kg,"Universal Robina Agro-Industrial"
2026-06-30,RM-003,"Cream of Tartar",35.91,kg,"Golden Harvest Trading"
2026-06-30,RM-004,"Instant Dry Yeast",131.24,kg,"Magnolia Dairy Products"
2026-06-30,RM-005,"Cane Vinegar",169.04,L,"Quezon Coastal Gatherers Cooperative"
2026-06-30,RM-006,"Soy Sauce",214.82,L,"Lucena Aquatic & Fish Port Authority"
2026-06-30,RM-007,"Condensed Milk",213.26,kg,"Tiaong Highland Agricultural Hub"
2026-06-30,RM-008,"Evaporated Milk",187.47,L,"Southern Tagalog Food Essentials Inc."
2026-06-30,RM-009,"Powdered Milk",176.03,kg,"San Miguel Mills Corp."
2026-06-30,RM-010,"Fresh Whole Egg Whites",159.09,kg,"Universal Robina Agro-Industrial"
2026-06-30,RM-011,"Fresh Whole Eggs",374.97,kg,"Golden Harvest Trading"
2026-06-30,RM-012,"All-Vegetable Shortening",208.67,kg,"Magnolia Dairy Products"
2026-06-30,RM-013,"Baking Shortening",222.22,kg,"Quezon Coastal Gatherers Cooperative"
2026-06-30,RM-014,"Salted Creamery Butter",233.27,kg,"Lucena Aquatic & Fish Port Authority"
2026-06-30,RM-015,"Seedless Raisins",63.4,kg,"Tiaong Highland Agricultural Hub"
2026-06-30,RM-016,"Vanilla Extract",29.11,L,"Southern Tagalog Food Essentials Inc."
2026-06-30,RM-017,"All-Purpose Wheat Flour",570.61,kg,"San Miguel Mills Corp."
2026-06-30,RM-018,"Cornstarch",153.05,kg,"Universal Robina Agro-Industrial"
2026-06-30,RM-019,"Glutinous Rice (Malagkit for Pinipig)",277.13,kg,"Golden Harvest Trading"
2026-06-30,RM-020,"Hard Wheat Bread Flour",491.48,kg,"Magnolia Dairy Products"
2026-06-30,RM-021,"Purified Water",670.44,L,"Quezon Coastal Gatherers Cooperative"
2026-06-30,RM-022,"Cleaned Chicken Crop (Butse)",172,kg,"Lucena Aquatic & Fish Port Authority"
2026-06-30,RM-023,"Pork Skin with Back Fat",404.42,kg,"Tiaong Highland Agricultural Hub"
2026-06-30,RM-024,"Raw Shelled Peanuts",389.61,kg,"Southern Tagalog Food Essentials Inc."
2026-06-30,RM-025,"Toasted Sesame Seeds",57,kg,"San Miguel Mills Corp."
2026-06-30,RM-026,"Palm Cooking Oil",380.8,L,"Universal Robina Agro-Industrial"
2026-06-30,RM-027,"Pure Pork Lard",206.71,L,"Golden Harvest Trading"
2026-06-30,RM-028,"Refined Peanut Oil",148.11,L,"Magnolia Dairy Products"
2026-06-30,RM-029,"Fresh Carrots",132.97,kg,"Quezon Coastal Gatherers Cooperative"
2026-06-30,RM-030,"Fresh Cassava Tubers",277.92,kg,"Lucena Aquatic & Fish Port Authority"
2026-06-30,RM-031,"Fresh Garlic",98.79,kg,"Tiaong Highland Agricultural Hub"
2026-06-30,RM-032,"Fresh Ginger",80.91,kg,"Southern Tagalog Food Essentials Inc."
2026-06-30,RM-033,"Fresh Grated Coconut Meat",202.29,kg,"San Miguel Mills Corp."
2026-06-30,RM-034,"Fresh Mature Coconut Meat",174.07,kg,"Universal Robina Agro-Industrial"
2026-06-30,RM-035,"Fresh Purple Yam Tubers",172.43,kg,"Golden Harvest Trading"
2026-06-30,RM-036,"Fresh Sweet Potato",182.08,kg,"Magnolia Dairy Products"
2026-06-30,RM-037,"Green Raw Papaya",149.82,kg,"Quezon Coastal Gatherers Cooperative"
2026-06-30,RM-038,"Pandan Leaves",29.54,kg,"Lucena Aquatic & Fish Port Authority"
2026-06-30,RM-039,"Red Bell Peppers",62.74,kg,"Tiaong Highland Agricultural Hub"
2026-06-30,RM-040,"Red Chili Peppers (Siling Labuyo)",45.93,kg,"Southern Tagalog Food Essentials Inc."
2026-06-30,RM-041,"Red Onions",130.86,kg,"San Miguel Mills Corp."
2026-06-30,RM-042,"Unripe Green Saba Bananas",492.41,kg,"Universal Robina Agro-Industrial"
2026-06-30,RM-043,"Fresh Acetes Shrimp (Alamang)",220.42,kg,"Golden Harvest Trading"
2026-06-30,RM-044,"Fresh Bangus (Milkfish) Skin",188.55,kg,"Magnolia Dairy Products"
2026-06-30,RM-045,"Fresh Chiton Mollusk (Kibit)",297.9,kg,"Quezon Coastal Gatherers Cooperative"
2026-06-30,RM-046,"Fresh Kabasi Fish",129.08,kg,"Lucena Aquatic & Fish Port Authority"
2026-06-30,RM-047,"Fresh Sapsap Fish",171.46,kg,"Tiaong Highland Agricultural Hub"
2026-06-30,RM-048,"Cheese Seasoning Powder",60.46,kg,"Southern Tagalog Food Essentials Inc."
2026-06-30,RM-049,"Coarse Rock Salt",153.67,kg,"San Miguel Mills Corp."
2026-06-30,RM-050,"Iodized Salt",101.4,kg,"Universal Robina Agro-Industrial"
2026-06-30,RM-051,"Dried Bay Leaves (Laurel)",21.84,kg,"Golden Harvest Trading"
2026-06-30,RM-052,"Dried Red Chili Flakes",33.27,kg,"Magnolia Dairy Products"
2026-06-30,RM-053,"Garlic Powder",52.32,kg,"Quezon Coastal Gatherers Cooperative"
2026-06-30,RM-054,"Ground Black Pepper",46.64,kg,"Lucena Aquatic & Fish Port Authority"
2026-06-30,RM-055,"White Pepper Powder",41.03,kg,"Tiaong Highland Agricultural Hub"
2026-06-30,RM-056,"Whole Black Peppercorns",59.58,kg,"Southern Tagalog Food Essentials Inc."
2026-06-30,RM-057,"Muscovado Brown Sugar",211.53,kg,"San Miguel Mills Corp."
2026-06-30,RM-058,"Panutsa Cane Sugar",168.28,kg,"Universal Robina Agro-Industrial"
2026-06-30,RM-059,"Refined White Sugar",463.21,kg,"Golden Harvest Trading"
2026-07-11,RM-001,"Food Grade Sunset Yellow / Orange Dye",71.28,kg,"San Miguel Mills Corp."
2026-07-11,RM-002,"Baking Powder",85.05,kg,"Universal Robina Agro-Industrial"
2026-07-11,RM-003,"Cream of Tartar",32.26,kg,"Golden Harvest Trading"
2026-07-11,RM-004,"Instant Dry Yeast",116.1,kg,"Magnolia Dairy Products"
2026-07-11,RM-005,"Cane Vinegar",152.11,L,"Quezon Coastal Gatherers Cooperative"
2026-07-11,RM-006,"Soy Sauce",200.53,L,"Lucena Aquatic & Fish Port Authority"
2026-07-11,RM-007,"Condensed Milk",260.05,kg,"Tiaong Highland Agricultural Hub"
2026-07-11,RM-008,"Evaporated Milk",164.21,L,"Southern Tagalog Food Essentials Inc."
2026-07-11,RM-009,"Powdered Milk",166.81,kg,"San Miguel Mills Corp."
2026-07-11,RM-010,"Fresh Whole Egg Whites",149.12,kg,"Universal Robina Agro-Industrial"
2026-07-11,RM-011,"Fresh Whole Eggs",342.8,kg,"Golden Harvest Trading"
2026-07-11,RM-012,"All-Vegetable Shortening",213.23,kg,"Magnolia Dairy Products"
2026-07-11,RM-013,"Baking Shortening",209.99,kg,"Quezon Coastal Gatherers Cooperative"
2026-07-11,RM-014,"Salted Creamery Butter",217.66,kg,"Lucena Aquatic & Fish Port Authority"
2026-07-11,RM-015,"Seedless Raisins",67.43,kg,"Tiaong Highland Agricultural Hub"
2026-07-11,RM-016,"Vanilla Extract",25.14,L,"Southern Tagalog Food Essentials Inc."
2026-07-11,RM-017,"All-Purpose Wheat Flour",459.99,kg,"San Miguel Mills Corp."
2026-07-11,RM-018,"Cornstarch",158.98,kg,"Universal Robina Agro-Industrial"
2026-07-11,RM-019,"Glutinous Rice (Malagkit for Pinipig)",328.09,kg,"Golden Harvest Trading"
2026-07-11,RM-020,"Hard Wheat Bread Flour",572.52,kg,"Magnolia Dairy Products"
2026-07-11,RM-021,"Purified Water",701.35,L,"Quezon Coastal Gatherers Cooperative"
2026-07-11,RM-022,"Cleaned Chicken Crop (Butse)",143.91,kg,"Lucena Aquatic & Fish Port Authority"
2026-07-11,RM-023,"Pork Skin with Back Fat",381.91,kg,"Tiaong Highland Agricultural Hub"
2026-07-11,RM-024,"Raw Shelled Peanuts",390.75,kg,"Southern Tagalog Food Essentials Inc."
2026-07-11,RM-025,"Toasted Sesame Seeds",61.91,kg,"San Miguel Mills Corp."
2026-07-11,RM-026,"Palm Cooking Oil",470.29,L,"Universal Robina Agro-Industrial"
2026-07-11,RM-027,"Pure Pork Lard",219.3,L,"Golden Harvest Trading"
2026-07-11,RM-028,"Refined Peanut Oil",133.61,L,"Magnolia Dairy Products"
2026-07-11,RM-029,"Fresh Carrots",120.34,kg,"Quezon Coastal Gatherers Cooperative"
2026-07-11,RM-030,"Fresh Cassava Tubers",280.8,kg,"Lucena Aquatic & Fish Port Authority"
2026-07-11,RM-031,"Fresh Garlic",105.23,kg,"Tiaong Highland Agricultural Hub"
2026-07-11,RM-032,"Fresh Ginger",86.62,kg,"Southern Tagalog Food Essentials Inc."
2026-07-11,RM-033,"Fresh Grated Coconut Meat",186.83,kg,"San Miguel Mills Corp."
2026-07-11,RM-034,"Fresh Mature Coconut Meat",159.74,kg,"Universal Robina Agro-Industrial"
2026-07-11,RM-035,"Fresh Purple Yam Tubers",167.47,kg,"Golden Harvest Trading"
2026-07-11,RM-036,"Fresh Sweet Potato",187.45,kg,"Magnolia Dairy Products"
2026-07-11,RM-037,"Green Raw Papaya",151.6,kg,"Quezon Coastal Gatherers Cooperative"
2026-07-11,RM-038,"Pandan Leaves",29.74,kg,"Lucena Aquatic & Fish Port Authority"
2026-07-11,RM-039,"Red Bell Peppers",64.18,kg,"Tiaong Highland Agricultural Hub"
2026-07-11,RM-040,"Red Chili Peppers (Siling Labuyo)",46.07,kg,"Southern Tagalog Food Essentials Inc."
2026-07-11,RM-041,"Red Onions",119.2,kg,"San Miguel Mills Corp."
2026-07-11,RM-042,"Unripe Green Saba Bananas",444.71,kg,"Universal Robina Agro-Industrial"
2026-07-11,RM-043,"Fresh Acetes Shrimp (Alamang)",240.62,kg,"Golden Harvest Trading"
2026-07-11,RM-044,"Fresh Bangus (Milkfish) Skin",209.21,kg,"Magnolia Dairy Products"
2026-07-11,RM-045,"Fresh Chiton Mollusk (Kibit)",329.47,kg,"Quezon Coastal Gatherers Cooperative"
2026-07-11,RM-046,"Fresh Kabasi Fish",151.26,kg,"Lucena Aquatic & Fish Port Authority"
2026-07-11,RM-047,"Fresh Sapsap Fish",150.3,kg,"Tiaong Highland Agricultural Hub"
2026-07-11,RM-048,"Cheese Seasoning Powder",54.88,kg,"Southern Tagalog Food Essentials Inc."
2026-07-11,RM-049,"Coarse Rock Salt",171.36,kg,"San Miguel Mills Corp."
2026-07-11,RM-050,"Iodized Salt",103.49,kg,"Universal Robina Agro-Industrial"
2026-07-11,RM-051,"Dried Bay Leaves (Laurel)",24.89,kg,"Golden Harvest Trading"
2026-07-11,RM-052,"Dried Red Chili Flakes",38.72,kg,"Magnolia Dairy Products"
2026-07-11,RM-053,"Garlic Powder",48.66,kg,"Quezon Coastal Gatherers Cooperative"
2026-07-11,RM-054,"Ground Black Pepper",49.46,kg,"Lucena Aquatic & Fish Port Authority"
2026-07-11,RM-055,"White Pepper Powder",40.28,kg,"Tiaong Highland Agricultural Hub"
2026-07-11,RM-056,"Whole Black Peppercorns",66.69,kg,"Southern Tagalog Food Essentials Inc."
2026-07-11,RM-057,"Muscovado Brown Sugar",264.78,kg,"San Miguel Mills Corp."
2026-07-11,RM-058,"Panutsa Cane Sugar",189.69,kg,"Universal Robina Agro-Industrial"
2026-07-11,RM-059,"Refined White Sugar",448.41,kg,"Golden Harvest Trading"
2026-07-22,RM-001,"Food Grade Sunset Yellow / Orange Dye",84.07,kg,"San Miguel Mills Corp."
2026-07-22,RM-002,"Baking Powder",98.47,kg,"Universal Robina Agro-Industrial"
2026-07-22,RM-003,"Cream of Tartar",30.57,kg,"Golden Harvest Trading"
2026-07-22,RM-004,"Instant Dry Yeast",97.13,kg,"Magnolia Dairy Products"
2026-07-22,RM-005,"Cane Vinegar",149.1,L,"Quezon Coastal Gatherers Cooperative"
2026-07-22,RM-006,"Soy Sauce",216.72,L,"Lucena Aquatic & Fish Port Authority"
2026-07-22,RM-007,"Condensed Milk",254.06,kg,"Tiaong Highland Agricultural Hub"
2026-07-22,RM-008,"Evaporated Milk",185.58,L,"Southern Tagalog Food Essentials Inc."
2026-07-22,RM-009,"Powdered Milk",169.96,kg,"San Miguel Mills Corp."
2026-07-22,RM-010,"Fresh Whole Egg Whites",142.78,kg,"Universal Robina Agro-Industrial"
2026-07-22,RM-011,"Fresh Whole Eggs",317.77,kg,"Golden Harvest Trading"
2026-07-22,RM-012,"All-Vegetable Shortening",221.63,kg,"Magnolia Dairy Products"
2026-07-22,RM-013,"Baking Shortening",234.68,kg,"Quezon Coastal Gatherers Cooperative"
2026-07-22,RM-014,"Salted Creamery Butter",265.14,kg,"Lucena Aquatic & Fish Port Authority"
2026-07-22,RM-015,"Seedless Raisins",69.25,kg,"Tiaong Highland Agricultural Hub"
2026-07-22,RM-016,"Vanilla Extract",26.99,L,"Southern Tagalog Food Essentials Inc."
2026-07-22,RM-017,"All-Purpose Wheat Flour",494.27,kg,"San Miguel Mills Corp."
2026-07-22,RM-018,"Cornstarch",136,kg,"Universal Robina Agro-Industrial"
2026-07-22,RM-019,"Glutinous Rice (Malagkit for Pinipig)",331.08,kg,"Golden Harvest Trading"
2026-07-22,RM-020,"Hard Wheat Bread Flour",664.18,kg,"Magnolia Dairy Products"
2026-07-22,RM-021,"Purified Water",808.8,L,"Quezon Coastal Gatherers Cooperative"
2026-07-22,RM-022,"Cleaned Chicken Crop (Butse)",149.87,kg,"Lucena Aquatic & Fish Port Authority"
2026-07-22,RM-023,"Pork Skin with Back Fat",372.07,kg,"Tiaong Highland Agricultural Hub"
2026-07-22,RM-024,"Raw Shelled Peanuts",407.97,kg,"Southern Tagalog Food Essentials Inc."
2026-07-22,RM-025,"Toasted Sesame Seeds",60.8,kg,"San Miguel Mills Corp."
2026-07-22,RM-026,"Palm Cooking Oil",445.1,L,"Universal Robina Agro-Industrial"
2026-07-22,RM-027,"Pure Pork Lard",223.1,L,"Golden Harvest Trading"
2026-07-22,RM-028,"Refined Peanut Oil",122.26,L,"Magnolia Dairy Products"
2026-07-22,RM-029,"Fresh Carrots",114.5,kg,"Quezon Coastal Gatherers Cooperative"
2026-07-22,RM-030,"Fresh Cassava Tubers",246.6,kg,"Lucena Aquatic & Fish Port Authority"
2026-07-22,RM-031,"Fresh Garlic",100,kg,"Tiaong Highland Agricultural Hub"
2026-07-22,RM-032,"Fresh Ginger",85.46,kg,"Southern Tagalog Food Essentials Inc."
2026-07-22,RM-033,"Fresh Grated Coconut Meat",213.09,kg,"San Miguel Mills Corp."
2026-07-22,RM-034,"Fresh Mature Coconut Meat",170.88,kg,"Universal Robina Agro-Industrial"
2026-07-22,RM-035,"Fresh Purple Yam Tubers",147.3,kg,"Golden Harvest Trading"
2026-07-22,RM-036,"Fresh Sweet Potato",164.5,kg,"Magnolia Dairy Products"
2026-07-22,RM-037,"Green Raw Papaya",145.17,kg,"Quezon Coastal Gatherers Cooperative"
2026-07-22,RM-038,"Pandan Leaves",34.48,kg,"Lucena Aquatic & Fish Port Authority"
2026-07-22,RM-039,"Red Bell Peppers",74.03,kg,"Tiaong Highland Agricultural Hub"
2026-07-22,RM-040,"Red Chili Peppers (Siling Labuyo)",44.25,kg,"Southern Tagalog Food Essentials Inc."
2026-07-22,RM-041,"Red Onions",104.72,kg,"San Miguel Mills Corp."
2026-07-22,RM-042,"Unripe Green Saba Bananas",469.52,kg,"Universal Robina Agro-Industrial"
2026-07-22,RM-043,"Fresh Acetes Shrimp (Alamang)",233.64,kg,"Golden Harvest Trading"
2026-07-22,RM-044,"Fresh Bangus (Milkfish) Skin",210.83,kg,"Magnolia Dairy Products"
2026-07-22,RM-045,"Fresh Chiton Mollusk (Kibit)",351.29,kg,"Quezon Coastal Gatherers Cooperative"
2026-07-22,RM-046,"Fresh Kabasi Fish",149.31,kg,"Lucena Aquatic & Fish Port Authority"
2026-07-22,RM-047,"Fresh Sapsap Fish",132.6,kg,"Tiaong Highland Agricultural Hub"
2026-07-22,RM-048,"Cheese Seasoning Powder",51.56,kg,"Southern Tagalog Food Essentials Inc."
2026-07-22,RM-049,"Coarse Rock Salt",157.74,kg,"San Miguel Mills Corp."
2026-07-22,RM-050,"Iodized Salt",99.56,kg,"Universal Robina Agro-Industrial"
2026-07-22,RM-051,"Dried Bay Leaves (Laurel)",28.41,kg,"Golden Harvest Trading"
2026-07-22,RM-052,"Dried Red Chili Flakes",36.12,kg,"Magnolia Dairy Products"
2026-07-22,RM-053,"Garlic Powder",56.24,kg,"Quezon Coastal Gatherers Cooperative"
2026-07-22,RM-054,"Ground Black Pepper",47.03,kg,"Lucena Aquatic & Fish Port Authority"
2026-07-22,RM-055,"White Pepper Powder",40.1,kg,"Tiaong Highland Agricultural Hub"
2026-07-22,RM-056,"Whole Black Peppercorns",66.8,kg,"Southern Tagalog Food Essentials Inc."
2026-07-22,RM-057,"Muscovado Brown Sugar",247.39,kg,"San Miguel Mills Corp."
2026-07-22,RM-058,"Panutsa Cane Sugar",181.8,kg,"Universal Robina Agro-Industrial"
2026-07-22,RM-059,"Refined White Sugar",457.36,kg,"Golden Harvest Trading"
2026-08-02,RM-001,"Food Grade Sunset Yellow / Orange Dye",84.55,kg,"San Miguel Mills Corp."
2026-08-02,RM-002,"Baking Powder",96.67,kg,"Universal Robina Agro-Industrial"
2026-08-02,RM-003,"Cream of Tartar",37,kg,"Golden Harvest Trading"
2026-08-02,RM-004,"Instant Dry Yeast",96.59,kg,"Magnolia Dairy Products"
2026-08-02,RM-005,"Cane Vinegar",133.47,L,"Quezon Coastal Gatherers Cooperative"
2026-08-02,RM-006,"Soy Sauce",205.67,L,"Lucena Aquatic & Fish Port Authority"
2026-08-02,RM-007,"Condensed Milk",254.37,kg,"Tiaong Highland Agricultural Hub"
2026-08-02,RM-008,"Evaporated Milk",195.7,L,"Southern Tagalog Food Essentials Inc."
2026-08-02,RM-009,"Powdered Milk",163.97,kg,"San Miguel Mills Corp."
2026-08-02,RM-010,"Fresh Whole Egg Whites",128.1,kg,"Universal Robina Agro-Industrial"
2026-08-02,RM-011,"Fresh Whole Eggs",312.83,kg,"Golden Harvest Trading"
2026-08-02,RM-012,"All-Vegetable Shortening",193,kg,"Magnolia Dairy Products"
2026-08-02,RM-013,"Baking Shortening",234.74,kg,"Quezon Coastal Gatherers Cooperative"
2026-08-02,RM-014,"Salted Creamery Butter",297.48,kg,"Lucena Aquatic & Fish Port Authority"
2026-08-02,RM-015,"Seedless Raisins",77.04,kg,"Tiaong Highland Agricultural Hub"
2026-08-02,RM-016,"Vanilla Extract",27.67,L,"Southern Tagalog Food Essentials Inc."
2026-08-02,RM-017,"All-Purpose Wheat Flour",407.24,kg,"San Miguel Mills Corp."
2026-08-02,RM-018,"Cornstarch",134.91,kg,"Universal Robina Agro-Industrial"
2026-08-02,RM-019,"Glutinous Rice (Malagkit for Pinipig)",295.11,kg,"Golden Harvest Trading"
2026-08-02,RM-020,"Hard Wheat Bread Flour",605.79,kg,"Magnolia Dairy Products"
2026-08-02,RM-021,"Purified Water",741,L,"Quezon Coastal Gatherers Cooperative"
2026-08-02,RM-022,"Cleaned Chicken Crop (Butse)",165.74,kg,"Lucena Aquatic & Fish Port Authority"
2026-08-02,RM-023,"Pork Skin with Back Fat",327.54,kg,"Tiaong Highland Agricultural Hub"
2026-08-02,RM-024,"Raw Shelled Peanuts",312.8,kg,"Southern Tagalog Food Essentials Inc."
2026-08-02,RM-025,"Toasted Sesame Seeds",56.99,kg,"San Miguel Mills Corp."
2026-08-02,RM-026,"Palm Cooking Oil",465.37,L,"Universal Robina Agro-Industrial"
2026-08-02,RM-027,"Pure Pork Lard",278.49,L,"Golden Harvest Trading"
2026-08-02,RM-028,"Refined Peanut Oil",151.1,L,"Magnolia Dairy Products"
2026-08-02,RM-029,"Fresh Carrots",110.68,kg,"Quezon Coastal Gatherers Cooperative"
2026-08-02,RM-030,"Fresh Cassava Tubers",242.31,kg,"Lucena Aquatic & Fish Port Authority"
2026-08-02,RM-031,"Fresh Garlic",97.97,kg,"Tiaong Highland Agricultural Hub"
2026-08-02,RM-032,"Fresh Ginger",84.75,kg,"Southern Tagalog Food Essentials Inc."
2026-08-02,RM-033,"Fresh Grated Coconut Meat",216.04,kg,"San Miguel Mills Corp."
2026-08-02,RM-034,"Fresh Mature Coconut Meat",199.98,kg,"Universal Robina Agro-Industrial"
2026-08-02,RM-035,"Fresh Purple Yam Tubers",145,kg,"Golden Harvest Trading"
2026-08-02,RM-036,"Fresh Sweet Potato",163.96,kg,"Magnolia Dairy Products"
2026-08-02,RM-037,"Green Raw Papaya",134.07,kg,"Quezon Coastal Gatherers Cooperative"
2026-08-02,RM-038,"Pandan Leaves",34.36,kg,"Lucena Aquatic & Fish Port Authority"
2026-08-02,RM-039,"Red Bell Peppers",77.92,kg,"Tiaong Highland Agricultural Hub"
2026-08-02,RM-040,"Red Chili Peppers (Siling Labuyo)",52.29,kg,"Southern Tagalog Food Essentials Inc."
2026-08-02,RM-041,"Red Onions",122.15,kg,"San Miguel Mills Corp."
2026-08-02,RM-042,"Unripe Green Saba Bananas",418.41,kg,"Universal Robina Agro-Industrial"
2026-08-02,RM-043,"Fresh Acetes Shrimp (Alamang)",204.24,kg,"Golden Harvest Trading"
2026-08-02,RM-044,"Fresh Bangus (Milkfish) Skin",205.74,kg,"Magnolia Dairy Products"
2026-08-02,RM-045,"Fresh Chiton Mollusk (Kibit)",368.25,kg,"Quezon Coastal Gatherers Cooperative"
2026-08-02,RM-046,"Fresh Kabasi Fish",167.98,kg,"Lucena Aquatic & Fish Port Authority"
2026-08-02,RM-047,"Fresh Sapsap Fish",167.92,kg,"Tiaong Highland Agricultural Hub"
2026-08-02,RM-048,"Cheese Seasoning Powder",47.09,kg,"Southern Tagalog Food Essentials Inc."
2026-08-02,RM-049,"Coarse Rock Salt",128.69,kg,"San Miguel Mills Corp."
2026-08-02,RM-050,"Iodized Salt",99.95,kg,"Universal Robina Agro-Industrial"
2026-08-02,RM-051,"Dried Bay Leaves (Laurel)",28.54,kg,"Golden Harvest Trading"
2026-08-02,RM-052,"Dried Red Chili Flakes",41.84,kg,"Magnolia Dairy Products"
2026-08-02,RM-053,"Garlic Powder",56.03,kg,"Quezon Coastal Gatherers Cooperative"
2026-08-02,RM-054,"Ground Black Pepper",45.06,kg,"Lucena Aquatic & Fish Port Authority"
2026-08-02,RM-055,"White Pepper Powder",37.49,kg,"Tiaong Highland Agricultural Hub"
2026-08-02,RM-056,"Whole Black Peppercorns",53.23,kg,"Southern Tagalog Food Essentials Inc."
2026-08-02,RM-057,"Muscovado Brown Sugar",243.03,kg,"San Miguel Mills Corp."
2026-08-02,RM-058,"Panutsa Cane Sugar",218.9,kg,"Universal Robina Agro-Industrial"
2026-08-02,RM-059,"Refined White Sugar",434.49,kg,"Golden Harvest Trading"
2026-08-13,RM-001,"Food Grade Sunset Yellow / Orange Dye",81.17,kg,"San Miguel Mills Corp."
2026-08-13,RM-002,"Baking Powder",108,kg,"Universal Robina Agro-Industrial"
2026-08-13,RM-003,"Cream of Tartar",41.81,kg,"Golden Harvest Trading"
2026-08-13,RM-004,"Instant Dry Yeast",103.81,kg,"Magnolia Dairy Products"
2026-08-13,RM-005,"Cane Vinegar",134.38,L,"Quezon Coastal Gatherers Cooperative"
2026-08-13,RM-006,"Soy Sauce",178.91,L,"Lucena Aquatic & Fish Port Authority"
2026-08-13,RM-007,"Condensed Milk",273.27,kg,"Tiaong Highland Agricultural Hub"
2026-08-13,RM-008,"Evaporated Milk",228.78,L,"Southern Tagalog Food Essentials Inc."
2026-08-13,RM-009,"Powdered Milk",178.76,kg,"San Miguel Mills Corp."
2026-08-13,RM-010,"Fresh Whole Egg Whites",162.13,kg,"Universal Robina Agro-Industrial"
2026-08-13,RM-011,"Fresh Whole Eggs",282.78,kg,"Golden Harvest Trading"
2026-08-13,RM-012,"All-Vegetable Shortening",162.06,kg,"Magnolia Dairy Products"
2026-08-13,RM-013,"Baking Shortening",227.38,kg,"Quezon Coastal Gatherers Cooperative"
2026-08-13,RM-014,"Salted Creamery Butter",301.01,kg,"Lucena Aquatic & Fish Port Authority"
2026-08-13,RM-015,"Seedless Raisins",85.61,kg,"Tiaong Highland Agricultural Hub"
2026-08-13,RM-016,"Vanilla Extract",27.9,L,"Southern Tagalog Food Essentials Inc."
2026-08-13,RM-017,"All-Purpose Wheat Flour",425.62,kg,"San Miguel Mills Corp."
2026-08-13,RM-018,"Cornstarch",110.47,kg,"Universal Robina Agro-Industrial"
2026-08-13,RM-019,"Glutinous Rice (Malagkit for Pinipig)",276.71,kg,"Golden Harvest Trading"
2026-08-13,RM-020,"Hard Wheat Bread Flour",640.43,kg,"Magnolia Dairy Products"
2026-08-13,RM-021,"Purified Water",909.68,L,"Quezon Coastal Gatherers Cooperative"
2026-08-13,RM-022,"Cleaned Chicken Crop (Butse)",163.1,kg,"Lucena Aquatic & Fish Port Authority"
2026-08-13,RM-023,"Pork Skin with Back Fat",324.99,kg,"Tiaong Highland Agricultural Hub"
2026-08-13,RM-024,"Raw Shelled Peanuts",351.75,kg,"Southern Tagalog Food Essentials Inc."
2026-08-13,RM-025,"Toasted Sesame Seeds",51.75,kg,"San Miguel Mills Corp."
2026-08-13,RM-026,"Palm Cooking Oil",482.1,L,"Universal Robina Agro-Industrial"
2026-08-13,RM-027,"Pure Pork Lard",291.86,L,"Golden Harvest Trading"
2026-08-13,RM-028,"Refined Peanut Oil",164.73,L,"Magnolia Dairy Products"
2026-08-13,RM-029,"Fresh Carrots",105.96,kg,"Quezon Coastal Gatherers Cooperative"
2026-08-13,RM-030,"Fresh Cassava Tubers",240.48,kg,"Lucena Aquatic & Fish Port Authority"
2026-08-13,RM-031,"Fresh Garlic",89.48,kg,"Tiaong Highland Agricultural Hub"
2026-08-13,RM-032,"Fresh Ginger",76.01,kg,"Southern Tagalog Food Essentials Inc."
2026-08-13,RM-033,"Fresh Grated Coconut Meat",251.94,kg,"San Miguel Mills Corp."
2026-08-13,RM-034,"Fresh Mature Coconut Meat",203.78,kg,"Universal Robina Agro-Industrial"
2026-08-13,RM-035,"Fresh Purple Yam Tubers",174.48,kg,"Golden Harvest Trading"
2026-08-13,RM-036,"Fresh Sweet Potato",149.7,kg,"Magnolia Dairy Products"
2026-08-13,RM-037,"Green Raw Papaya",120.92,kg,"Quezon Coastal Gatherers Cooperative"
2026-08-13,RM-038,"Pandan Leaves",30.99,kg,"Lucena Aquatic & Fish Port Authority"
2026-08-13,RM-039,"Red Bell Peppers",78.52,kg,"Tiaong Highland Agricultural Hub"
2026-08-13,RM-040,"Red Chili Peppers (Siling Labuyo)",56.85,kg,"Southern Tagalog Food Essentials Inc."
2026-08-13,RM-041,"Red Onions",121.94,kg,"San Miguel Mills Corp."
2026-08-13,RM-042,"Unripe Green Saba Bananas",407.7,kg,"Universal Robina Agro-Industrial"
2026-08-13,RM-043,"Fresh Acetes Shrimp (Alamang)",199.85,kg,"Golden Harvest Trading"
2026-08-13,RM-044,"Fresh Bangus (Milkfish) Skin",182.33,kg,"Magnolia Dairy Products"
2026-08-13,RM-045,"Fresh Chiton Mollusk (Kibit)",316.76,kg,"Quezon Coastal Gatherers Cooperative"
2026-08-13,RM-046,"Fresh Kabasi Fish",187.58,kg,"Lucena Aquatic & Fish Port Authority"
2026-08-13,RM-047,"Fresh Sapsap Fish",180.01,kg,"Tiaong Highland Agricultural Hub"
2026-08-13,RM-048,"Cheese Seasoning Powder",56.79,kg,"Southern Tagalog Food Essentials Inc."
2026-08-13,RM-049,"Coarse Rock Salt",139.61,kg,"San Miguel Mills Corp."
2026-08-13,RM-050,"Iodized Salt",99.28,kg,"Universal Robina Agro-Industrial"
2026-08-13,RM-051,"Dried Bay Leaves (Laurel)",25.01,kg,"Golden Harvest Trading"
2026-08-13,RM-052,"Dried Red Chili Flakes",44.65,kg,"Magnolia Dairy Products"
2026-08-13,RM-053,"Garlic Powder",58.83,kg,"Quezon Coastal Gatherers Cooperative"
2026-08-13,RM-054,"Ground Black Pepper",41.85,kg,"Lucena Aquatic & Fish Port Authority"
2026-08-13,RM-055,"White Pepper Powder",31.88,kg,"Tiaong Highland Agricultural Hub"
2026-08-13,RM-056,"Whole Black Peppercorns",55.57,kg,"Southern Tagalog Food Essentials Inc."
2026-08-13,RM-057,"Muscovado Brown Sugar",257.99,kg,"San Miguel Mills Corp."
2026-08-13,RM-058,"Panutsa Cane Sugar",218.42,kg,"Universal Robina Agro-Industrial"
2026-08-13,RM-059,"Refined White Sugar",524.22,kg,"Golden Harvest Trading"
2026-08-24,RM-001,"Food Grade Sunset Yellow / Orange Dye",72.22,kg,"San Miguel Mills Corp."
2026-08-24,RM-002,"Baking Powder",103.45,kg,"Universal Robina Agro-Industrial"
2026-08-24,RM-003,"Cream of Tartar",41.7,kg,"Golden Harvest Trading"
2026-08-24,RM-004,"Instant Dry Yeast",110.14,kg,"Magnolia Dairy Products"
2026-08-24,RM-005,"Cane Vinegar",122.75,L,"Quezon Coastal Gatherers Cooperative"
2026-08-24,RM-006,"Soy Sauce",159.64,L,"Lucena Aquatic & Fish Port Authority"
2026-08-24,RM-007,"Condensed Milk",215.58,kg,"Tiaong Highland Agricultural Hub"
2026-08-24,RM-008,"Evaporated Milk",196.44,L,"Southern Tagalog Food Essentials Inc."
2026-08-24,RM-009,"Powdered Milk",194.03,kg,"San Miguel Mills Corp."
2026-08-24,RM-010,"Fresh Whole Egg Whites",167.19,kg,"Universal Robina Agro-Industrial"
2026-08-24,RM-011,"Fresh Whole Eggs",286.21,kg,"Golden Harvest Trading"
2026-08-24,RM-012,"All-Vegetable Shortening",175.13,kg,"Magnolia Dairy Products"
2026-08-24,RM-013,"Baking Shortening",198.55,kg,"Quezon Coastal Gatherers Cooperative"
2026-08-24,RM-014,"Salted Creamery Butter",268.22,kg,"Lucena Aquatic & Fish Port Authority"
2026-08-24,RM-015,"Seedless Raisins",82.85,kg,"Tiaong Highland Agricultural Hub"
2026-08-24,RM-016,"Vanilla Extract",33.55,L,"Southern Tagalog Food Essentials Inc."
2026-08-24,RM-017,"All-Purpose Wheat Flour",477.04,kg,"San Miguel Mills Corp."
2026-08-24,RM-018,"Cornstarch",125.09,kg,"Universal Robina Agro-Industrial"
2026-08-24,RM-019,"Glutinous Rice (Malagkit for Pinipig)",239.3,kg,"Golden Harvest Trading"
2026-08-24,RM-020,"Hard Wheat Bread Flour",635.45,kg,"Magnolia Dairy Products"
2026-08-24,RM-021,"Purified Water",936.53,L,"Quezon Coastal Gatherers Cooperative"
2026-08-24,RM-022,"Cleaned Chicken Crop (Butse)",176.94,kg,"Lucena Aquatic & Fish Port Authority"
2026-08-24,RM-023,"Pork Skin with Back Fat",386.23,kg,"Tiaong Highland Agricultural Hub"
2026-08-24,RM-024,"Raw Shelled Peanuts",306.24,kg,"Southern Tagalog Food Essentials Inc."
2026-08-24,RM-025,"Toasted Sesame Seeds",54.11,kg,"San Miguel Mills Corp."
2026-08-24,RM-026,"Palm Cooking Oil",432.79,L,"Universal Robina Agro-Industrial"
2026-08-24,RM-027,"Pure Pork Lard",285.56,L,"Golden Harvest Trading"
2026-08-24,RM-028,"Refined Peanut Oil",170.3,L,"Magnolia Dairy Products"
2026-08-24,RM-029,"Fresh Carrots",128.06,kg,"Quezon Coastal Gatherers Cooperative"
2026-08-24,RM-030,"Fresh Cassava Tubers",209.87,kg,"Lucena Aquatic & Fish Port Authority"
2026-08-24,RM-031,"Fresh Garlic",91.21,kg,"Tiaong Highland Agricultural Hub"
2026-08-24,RM-032,"Fresh Ginger",68.12,kg,"Southern Tagalog Food Essentials Inc."
2026-08-24,RM-033,"Fresh Grated Coconut Meat",225.41,kg,"San Miguel Mills Corp."
2026-08-24,RM-034,"Fresh Mature Coconut Meat",197.69,kg,"Universal Robina Agro-Industrial"
2026-08-24,RM-035,"Fresh Purple Yam Tubers",165.93,kg,"Golden Harvest Trading"
2026-08-24,RM-036,"Fresh Sweet Potato",164.78,kg,"Magnolia Dairy Products"
2026-08-24,RM-037,"Green Raw Papaya",111.08,kg,"Quezon Coastal Gatherers Cooperative"
2026-08-24,RM-038,"Pandan Leaves",28.19,kg,"Lucena Aquatic & Fish Port Authority"
2026-08-24,RM-039,"Red Bell Peppers",73.57,kg,"Tiaong Highland Agricultural Hub"
2026-08-24,RM-040,"Red Chili Peppers (Siling Labuyo)",51.39,kg,"Southern Tagalog Food Essentials Inc."
2026-08-24,RM-041,"Red Onions",128.42,kg,"San Miguel Mills Corp."
2026-08-24,RM-042,"Unripe Green Saba Bananas",471.35,kg,"Universal Robina Agro-Industrial"
2026-08-24,RM-043,"Fresh Acetes Shrimp (Alamang)",196.02,kg,"Golden Harvest Trading"
2026-08-24,RM-044,"Fresh Bangus (Milkfish) Skin",177.77,kg,"Magnolia Dairy Products"
2026-08-24,RM-045,"Fresh Chiton Mollusk (Kibit)",312.64,kg,"Quezon Coastal Gatherers Cooperative"
2026-08-24,RM-046,"Fresh Kabasi Fish",165.6,kg,"Lucena Aquatic & Fish Port Authority"
2026-08-24,RM-047,"Fresh Sapsap Fish",188.5,kg,"Tiaong Highland Agricultural Hub"
2026-08-24,RM-048,"Cheese Seasoning Powder",56.76,kg,"Southern Tagalog Food Essentials Inc."
2026-08-24,RM-049,"Coarse Rock Salt",122.87,kg,"San Miguel Mills Corp."
2026-08-24,RM-050,"Iodized Salt",82.32,kg,"Universal Robina Agro-Industrial"
2026-08-24,RM-051,"Dried Bay Leaves (Laurel)",24.08,kg,"Golden Harvest Trading"
2026-08-24,RM-052,"Dried Red Chili Flakes",45.64,kg,"Magnolia Dairy Products"
2026-08-24,RM-053,"Garlic Powder",70.03,kg,"Quezon Coastal Gatherers Cooperative"
2026-08-24,RM-054,"Ground Black Pepper",46.77,kg,"Lucena Aquatic & Fish Port Authority"
2026-08-24,RM-055,"White Pepper Powder",33.61,kg,"Tiaong Highland Agricultural Hub"
2026-08-24,RM-056,"Whole Black Peppercorns",46.38,kg,"Southern Tagalog Food Essentials Inc."
2026-08-24,RM-057,"Muscovado Brown Sugar",229.18,kg,"San Miguel Mills Corp."
2026-08-24,RM-058,"Panutsa Cane Sugar",185.55,kg,"Universal Robina Agro-Industrial"
2026-08-24,RM-059,"Refined White Sugar",531.47,kg,"Golden Harvest Trading"
